PMID,Title,Authors,First Author,Journal/Book,Publication Year,Create Date,PMCID,NIHMS ID,DOI
36768893,Chrono-Nutrition: Circadian Rhythm and Personalized Nutrition,"Franzago M, Alessandrelli E, Notarangelo S, Stuppia L, Vitacolonna E.",Franzago M,Int J Mol Sci,2023,11/02/2023,PMC9916946,,10.3390/ijms24032571
36125787,Precision Nutrition: Recent Advances in Obesity,Voruganti VS.,Voruganti VS,Physiology (Bethesda),2023,20/09/2022,PMC9705019,,10.1152/physiol.00014.2022
36479483,"Polymorphisms, diet and nutrigenomics","Kiani AK, Bonetti G, Donato K, Kaftalli J, Herbst KL, Stuppia L, Fioretti F, Nodari S, Perrone M, Chiurazzi P, Bellinato F, Gisondi P, Bertelli M.",Kiani AK,J Prev Med Hyg,2022,08/12/2022,PMC9710387,,10.15167/2421-4248/jpmh2022.63.2S3.2754
35883524,"Galactosemia: Biochemistry, Molecular Genetics, Newborn Screening, and Treatment","Succoio M, Sacchettini R, Rossi A, Parenti G, Ruoppolo M.",Succoio M,Biomolecules,2022,27/07/2022,PMC9313126,,10.3390/biom12070968
34959976,Dietary Management of Heart Failure: DASH Diet and Precision Nutrition Perspectives,"Wickman BE, Enkhmaa B, Ridberg R, Romero E, Cadeiras M, Meyers F, Steinberg F.",Wickman BE,Nutrients,2021,28/12/2021,PMC8708696,,10.3390/nu13124424
33866251,Precision nutrition: A systematic literature review,"Kirk D, Catal C, Tekinerdogan B.",Kirk D,Comput Biol Med,2021,18/04/2021,,,10.1016/j.compbiomed.2021.104365
30729798,Nutrigenomics: Epigenetics and cancer prevention: A comprehensive review,"Nasir A, Bullo MMH, Ahmed Z, Imtiaz A, Yaqoob E, Jadoon M, Ahmed H, Afreen A, Yaqoob S.",Nasir A,Crit Rev Food Sci Nutr,2020,08/02/2019,,,10.1080/10408398.2019.1571480
32578026,"Nutrigenetics/Nutrigenomics, Personalized Nutrition, and Precision Healthcare",Marcum JA.,Marcum JA,Curr Nutr Rep,2020,25/06/2020,,,10.1007/s13668-020-00327-z
34836431,Obesity and Cardiometabolic Risk Factors: From Childhood to Adulthood,"Drozdz D, Alvarez-Pitti J, Wójcik M, Borghi C, Gabbianelli R, Mazur A, Herceg-Čavrak V, Lopez-Valcarcel BG, Brzeziński M, Lurbe E, Wühl E.",Drozdz D,Nutrients,2021,27/11/2021,PMC8624977,,10.3390/nu13114176
34066229,Nutritional Treatment in Crohn's Disease,"Caio G, Lungaro L, Caputo F, Zoli E, Giancola F, Chiarioni G, De Giorgio R, Zoli G.",Caio G,Nutrients,2021,02/06/2021,PMC8151495,,10.3390/nu13051628
33518159,Precision Medicine and Obesity,"Hurtado A MD, Acosta A.",Hurtado A MD,Gastroenterol Clin North Am,2021,01/02/2021,PMC7863578,NIHMS1640016,10.1016/j.gtc.2020.10.005
33921683,Precision Nutrition for Alzheimer's Prevention in ApoE4 Carriers,"Norwitz NG, Saif N, Ariza IE, Isaacson RS.",Norwitz NG,Nutrients,2021,30/04/2021,PMC8073598,,10.3390/nu13041362
33065985,"Genomics in Personalized Nutrition: Can You ""Eat for Your Genes""?","Mullins VA, Bresette W, Johnstone L, Hallmark B, Chilton FH.",Mullins VA,Nutrients,2020,17/10/2020,PMC7599709,,10.3390/nu12103118
35565885,Personalized Nutrition in the Management of Female Infertility: New Insights on Chronic Low-Grade Inflammation,"Fabozzi G, Verdone G, Allori M, Cimadomo D, Tatone C, Stuppia L, Franzago M, Ubaldi N, Vaiarelli A, Ubaldi FM, Rienzi L, Gennarelli G.",Fabozzi G,Nutrients,2022,14/05/2022,PMC9105997,,10.3390/nu14091918
34757699,Personalized nutrition for dementia prevention,"Samieri C, Yassine HN, Melo van Lent D, Lefèvre-Arbogast S, van de Rest O, Bowman GL, Scarmeas N.",Samieri C,Alzheimers Dement,2022,10/11/2021,,,10.1002/alz.12486
37043983,Vitamin D: A master example of nutrigenomics,"Carlberg C, Raczyk M, Zawrotna N.",Carlberg C,Redox Biol,2023,12/04/2023,PMC10119805,,10.1016/j.redox.2023.102695
34062869,Diet-Microbiota Interactions in Inflammatory Bowel Disease,"Sugihara K, Kamada N.",Sugihara K,Nutrients,2021,02/06/2021,PMC8147260,,10.3390/nu13051533
37263858,Dietary interventions and precision nutrition in cancer therapy,"Martínez-Garay C, Djouder N.",Martínez-Garay C,Trends Mol Med,2023,01/06/2023,,,10.1016/j.molmed.2023.04.004
32085420,"Nutrigenomics and Breast Cancer: State-of-Art, Future Perspectives and Insights for Prevention","Sellami M, Bragazzi NL.",Sellami M,Nutrients,2020,23/02/2020,PMC7071273,,10.3390/nu12020512
35614234,Developing dietary interventions as therapy for cancer,"Taylor SR, Falcone JN, Cantley LC, Goncalves MD.",Taylor SR,Nat Rev Cancer,2022,25/05/2022,,,10.1038/s41568-022-00485-y
32340286,Nutrition and Genetics in NAFLD: The Perfect Binomium,"Meroni M, Longo M, Rustichelli A, Dongiovanni P.",Meroni M,Int J Mol Sci,2020,29/04/2020,PMC7215858,,10.3390/ijms21082986
32290086,Genes and Diet in the Prevention of Chronic Diseases in Future Generations,"Franzago M, Santurbano D, Vitacolonna E, Stuppia L.",Franzago M,Int J Mol Sci,2020,16/04/2020,PMC7178197,,10.3390/ijms21072633
35500546,Diet-microbiome interactions in cancer treatment: Opportunities and challenges for precision nutrition in cancer,"Greathouse KL, Wyatt M, Johnson AJ, Toy EP, Khan JM, Dunn K, Clegg DJ, Reddy S.",Greathouse KL,Neoplasia,2022,02/05/2022,PMC9065883,,10.1016/j.neo.2022.100800
36166846,Machine Learning in Nutrition Research,"Kirk D, Kok E, Tufano M, Tekinerdogan B, Feskens EJM, Camps G.",Kirk D,Adv Nutr,2022,27/09/2022,PMC9776646,,10.1093/advances/nmac103
36055772,Research gaps and opportunities in precision nutrition: an NIH workshop report,"Lee BY, Ordovás JM, Parks EJ, Anderson CAM, Barabási AL, Clinton SK, de la Haye K, Duffy VB, Franks PW, Ginexi EM, Hammond KJ, Hanlon EC, Hittle M, Ho E, Horn AL, Isaacson RS, Mabry PL, Malone S, Martin CK, Mattei J, Meydani SN, Nelson LM, Neuhouser ML, Parent B, Pronk NP, Roche HM, Saria S, Scheer FAJL, Segal E, Sevick MA, Spector TD, Van Horn L, Varady KA, Voruganti VS, Martinez MF.",Lee BY,Am J Clin Nutr,2022,02/09/2022,PMC9761773,,10.1093/ajcn/nqac237
34609363,THE PRESENT AND FUTURE OF PERSONALIZED NUTRITION,"Torres N, Tovar AR.",Torres N,Rev Invest Clin,2021,05/10/2021,,,10.24875/RIC.21000346
32096351,The relevance of nutrition to pediatric oncology: A cancer control perspective,"Rogers PC, Barr RD.",Rogers PC,Pediatr Blood Cancer,2020,26/02/2020,,,10.1002/pbc.28213
34439842,Role of Phytonutrients in Nutrigenetics and Nutrigenomics Perspective in Curing Breast Cancer,"Bhattacharya T, Dutta S, Akter R, Rahman MH, Karthika C, Nagaswarupa HP, Murthy HCA, Fratila O, Brata R, Bungau S.",Bhattacharya T,Biomolecules,2021,27/08/2021,PMC8394348,,10.3390/biom11081176
32235875,Contribution of macronutrients to obesity: implications for precision nutrition,"San-Cristobal R, Navas-Carretero S, Martínez-González MÁ, Ordovas JM, Martínez JA.",San-Cristobal R,Nat Rev Endocrinol,2020,03/04/2020,,,10.1038/s41574-020-0346-8
36839198,The Impact of Diet and Physical Activity on Psoriasis: A Narrative Review of the Current Evidence,"Duchnik E, Kruk J, Tuchowska A, Marchlewicz M.",Duchnik E,Nutrients,2023,25/02/2023,PMC9958594,,10.3390/nu15040840
36678130,Gut Microbiota and Time-Restricted Feeding/Eating: A Targeted Biomarker and Approach in Precision Nutrition,"Zeb F, Osaili T, Obaid RS, Naja F, Radwan H, Cheikh Ismail L, Hasan H, Hashim M, Alam I, Sehar B, Faris ME.",Zeb F,Nutrients,2023,21/01/2023,PMC9863108,,10.3390/nu15020259
32576579,Anticancer Effects of Nutraceuticals in the Mediterranean Diet: An Epigenetic Diet Model,"Divella R, Daniele A, Savino E, Paradiso A.",Divella R,Cancer Genomics Proteomics,2020,25/06/2020,PMC7367609,,10.21873/cgp.20193
38198849,Nutritional regulation of microbiota-derived metabolites: Implications for immunity and inflammation,"Arifuzzaman M, Collins N, Guo CJ, Artis D.",Arifuzzaman M,Immunity,2024,10/01/2024,PMC10795735,NIHMS1952965,10.1016/j.immuni.2023.12.009
38742387,Editorial,Markey O.,Markey O,Proc Nutr Soc,2024,14/05/2024,,,10.1017/S0029665124004671
36991546,"Nutrigenetics and nutrigenomics, and precision nutrition","Asghar W, Khalid N.",Asghar W,Nutr Health,2023,30/03/2023,,,10.1177/02601060231167228
36026526,The human gut microbiota and glucose metabolism: a scoping review of key bacteria and the potential role of SCFAs,"Palmnäs-Bédard MSA, Costabile G, Vetrani C, Åberg S, Hjalmarsson Y, Dicksved J, Riccardi G, Landberg R.",Palmnäs-Bédard MSA,Am J Clin Nutr,2022,26/08/2022,PMC9535511,,10.1093/ajcn/nqac217
35408231,Multi-Device Nutrition Control,"Cunha CAS, Duarte RP.",Cunha CAS,Sensors (Basel),2022,12/04/2022,PMC9003196,,10.3390/s22072617
35624229,Weight Loss Strategies,"Roberts SB, Anton S, Dao MC.",Roberts SB,Handb Exp Pharmacol,2022,27/05/2022,,,10.1007/164_2022_580
33574608,The gut microbiome modulates the protective association between a Mediterranean diet and cardiometabolic disease risk,"Wang DD, Nguyen LH, Li Y, Yan Y, Ma W, Rinott E, Ivey KL, Shai I, Willett WC, Hu FB, Rimm EB, Stampfer MJ, Chan AT, Huttenhower C.",Wang DD,Nat Med,2021,12/02/2021,PMC8186452,NIHMS1699441,10.1038/s41591-020-01223-3
36599304,Cardiometabolic health improvements upon dietary intervention are driven by tissue-specific insulin resistance phenotype: A precision nutrition trial,"Trouwborst I, Gijbels A, Jardon KM, Siebelink E, Hul GB, Wanders L, Erdos B, Péter S, Singh-Povel CM, de Vogel-van den Bosch J, Adriaens ME, Arts ICW, Thijssen DHJ, Feskens EJM, Goossens GH, Afman LA, Blaak EE.",Trouwborst I,Cell Metab,2023,04/01/2023,,,10.1016/j.cmet.2022.12.002
35455649,Epigenetics in Precision Nutrition,"Li X, Qi L.",Li X,J Pers Med,2022,23/04/2022,PMC9027461,,10.3390/jpm12040533
33315791,"Macronutrients, microbiome and precision nutrition","O'Grady J, Shanahan F.",O'Grady J,Curr Opin Gastroenterol,2021,14/12/2020,,,10.1097/MOG.0000000000000705
32555987,"Nutritional genomics, inflammation and obesity","Corrêa TAF, Quintanilha BJ, Norde MM, Pinhel MAS, Nonino CB, Rogero MM.",Corrêa TAF,Arch Endocrinol Metab,2020,20/06/2020,PMC10522224,,10.20945/2359-3997000000255
37960258,Grain Intake and Cardiometabolic Health-Towards Precision Nutrition,"Liu X, Shi L, Sun L.",Liu X,Nutrients,2023,14/11/2023,PMC10647786,,10.3390/nu15214605
34308106,When Mendelian randomisation fails,"Kohlmeier M, Baah E.",Kohlmeier M,BMJ Nutr Prev Health,2021,26/07/2021,PMC8258039,,10.1136/bmjnph-2021-000265
37023732,A Child's Nutrition and Epigenetics,Silao CLT.,Silao CLT,Nestle Nutr Inst Workshop Ser,2023,06/04/2023,,,10.1159/000528991
32951765,Precision Nutrition and Personalized Diet Plan for Kidney Health and Kidney Disease Management,"Kalantar-Zadeh K, Moore LW.",Kalantar-Zadeh K,J Ren Nutr,2020,21/09/2020,PMC7498221,,10.1053/j.jrn.2020.07.005
31673964,Nutrigenomics in livestock-recent advances,Nowacka-Woszuk J.,Nowacka-Woszuk J,J Appl Genet,2020,02/11/2019,PMC6968980,,10.1007/s13353-019-00522-x
36933390,Nutrigenomics in the context of evolution,Carlberg C.,Carlberg C,Redox Biol,2023,18/03/2023,PMC10036735,,10.1016/j.redox.2023.102656
38024353,Editorial: Scientific integrity in nutritional research,"Ostojic SM, Øverby NC.",Ostojic SM,Front Nutr,2023,29/11/2023,PMC10668013,,10.3389/fnut.2023.1323265
33259626,Personalized nutrition and healthy aging,"Ordovas JM, Berciano S.",Ordovas JM,Nutr Rev,2020,01/12/2020,,,10.1093/nutrit/nuaa102
37804582,Nutritional metabolomics: Recent developments and future needs,"Kortesniemi M, Noerman S, Kårlund A, Raita J, Meuronen T, Koistinen V, Landberg R, Hanhineva K.",Kortesniemi M,Curr Opin Chem Biol,2023,07/10/2023,,,10.1016/j.cbpa.2023.102400
32591751,Towards precision nutrition,Greenhill C.,Greenhill C,Nat Rev Endocrinol,2020,28/06/2020,,,10.1038/s41574-020-0385-1
34148612,Personalized nutrition for colorectal cancer,"Wang K, Song M.",Wang K,Adv Cancer Res,2021,21/06/2021,,,10.1016/bs.acr.2021.02.004
34206632,Nutrigenomics of Dietary Lipids,"Bordoni L, Petracci I, Zhao F, Min W, Pierella E, Assmann TS, Martinez JA, Gabbianelli R.",Bordoni L,Antioxidants (Basel),2021,02/07/2021,PMC8300813,,10.3390/antiox10070994
33329569,Precision Nutrition in Chronic Inflammation,"Demetrowitsch TJ, Schlicht K, Knappe C, Zimmermann J, Jensen-Kroll J, Pisarevskaja A, Brix F, Brandes J, Geisler C, Marinos G, Sommer F, Schulte DM, Kaleta C, Andersen V, Laudes M, Schwarz K, Waschina S.",Demetrowitsch TJ,Front Immunol,2020,17/12/2020,PMC7719806,,10.3389/fimmu.2020.587895
38062537,"Triangulating nutrigenomics, metabolomics and microbiomics toward personalized nutrition and healthy living","Lagoumintzis G, Patrinos GP.",Lagoumintzis G,Hum Genomics,2023,08/12/2023,PMC10704648,,10.1186/s40246-023-00561-w
32512689,The Role of Metagenomics in Precision Nutrition,"Iizuka K, Yabe D.",Iizuka K,Nutrients,2020,10/06/2020,PMC7352483,,10.3390/nu12061668
37994762,Nutrigenomics: SNPs correlated to vitamins' deficiencies,"Micheletti C, Madeo G, Macchia A, Donato K, Cristoni S, Ceccarini MR, Beccari T, Iaconelli A, Aquilanti B, Matera G, Herbst KL, Bertelli M.",Micheletti C,Clin Ter,2023,23/11/2023,,,10.7417/CT.2023.2485
32397337,Nutraceuticals and Metastasis Development,"Martinović LS, Peršurić Ž, Pavelić K.",Martinović LS,Molecules,2020,14/05/2020,PMC7248721,,10.3390/molecules25092222
37444254,Nutritional Composition of Hass Avocado Pulp,"Ford NA, Spagnuolo P, Kraft J, Bauer E.",Ford NA,Foods,2023,14/07/2023,PMC10340145,,10.3390/foods12132516
33850777,"Nutrition, genetic variation and male fertility","Vanderhout SM, Rastegar Panah M, Garcia-Bailo B, Grace-Farfaglia P, Samsel K, Dockray J, Jarvi K, El-Sohemy A.",Vanderhout SM,Transl Androl Urol,2021,14/04/2021,PMC8039611,,10.21037/tau-20-592
31928426,Precision (Personalized) Nutrition: Understanding Metabolic Heterogeneity,Zeisel SH.,Zeisel SH,Annu Rev Food Sci Technol,2020,14/01/2020,,,10.1146/annurev-food-032519-051736
34274490,Dietary rational targeting of redox-regulated genes,"Bagyi J, Sripada V, Aidone AM, Lin HY, Ruder EH, Crawford DR.",Bagyi J,Free Radic Biol Med,2021,18/07/2021,,,10.1016/j.freeradbiomed.2021.07.021
37610590,Precision Nutrition to Improve Risk Factors of Obesity and Type 2 Diabetes,Antwi J.,Antwi J,Curr Nutr Rep,2023,23/08/2023,PMC10766837,,10.1007/s13668-023-00491-y
37994764,Nutrigenomics: SNPs correlated to minerals' deficiencies,"Dhuli K, Medori MC, Bonetti G, Donato K, Cristoni S, Miertus S, Miertus J, Veselenyiova D, Iaconelli A, Aquilanti B, Matera G, Connelly ST, Bertelli M.",Dhuli K,Clin Ter,2023,23/11/2023,,,10.7417/CT.2023.2487
33367884,Genotype-guided dietary supplementation in precision nutrition,"Gkouskou KK, Grammatikopoulou MG, Vlastos I, Sanoudou D, Eliopoulos AG.",Gkouskou KK,Nutr Rev,2021,28/12/2020,,,10.1093/nutrit/nuaa132
37475596,Utilising the precision nutrition toolkit in the path towards precision medicine,"Sawicki C, Haslam D, Bhupathiraju S.",Sawicki C,Proc Nutr Soc,2023,21/07/2023,,,10.1017/S0029665123003038
37554698,Editorial: Biomarkers: precision nutrition in chronic diseases,"Zhu Z, Li YL, Song S.",Zhu Z,Front Nutr,2023,09/08/2023,PMC10406499,,10.3389/fnut.2023.1257125
37406972,Nutrigenomics of inward rectifier potassium channels,"Ferreira G, Santander A, Cardozo R, Chavarría L, Domínguez L, Mujica N, Benítez M, Sastre S, Sobrevia L, Nicolson GL.",Ferreira G,Biochim Biophys Acta Mol Basis Dis,2023,05/07/2023,,,10.1016/j.bbadis.2023.166803
37702886,Precision Nutrition and Cardiovascular Disease Risk Reduction: the Promise of High-Density Lipoproteins,"Hong BV, Agus JK, Tang X, Zheng JJ, Romo EZ, Lei S, Zivkovic AM.",Hong BV,Curr Atheroscler Rep,2023,13/09/2023,PMC10564829,,10.1007/s11883-023-01148-5
34518463,Applications of Metabolomics to Precision Nutrition,"LeVatte M, Keshteli AH, Zarei P, Wishart DS.",LeVatte M,Lifestyle Genom,2022,14/09/2021,,,10.1159/000518489
38474735,Obesity and Nutrigenetics Testing: New Insights,"Duarte MKRN, Leite-Lais L, Agnez-Lima LF, Maciel BLL, Morais AHA.",Duarte MKRN,Nutrients,2024,13/03/2024,PMC10934888,,10.3390/nu16050607
35293219,Role of precision nutrition in improving military performance,"Thiruvenkataswamy CS, Appukutty M, Vimaleswaran KS.",Thiruvenkataswamy CS,Per Med,2022,16/03/2022,,,10.2217/pme-2021-0120
37839954,Nutrigenomics and redox regulation: Concepts relating to the Special Issue on nutrigenomics,"Klotz LO, Carlberg C.",Klotz LO,Redox Biol,2023,15/10/2023,PMC10624588,,10.1016/j.redox.2023.102920
38908901,"Microbiome-based precision nutrition: Prebiotics, probiotics and postbiotics","Odriozola A, González A, Odriozola I, Álvarez-Herms J, Corbi F.",Odriozola A,Adv Genet,2024,22/06/2024,,,10.1016/bs.adgen.2024.04.001
31940613,Chapter 11: Nutrigenomics and Oral Health,Valentine RA.,Valentine RA,Monogr Oral Sci,2020,16/01/2020,,,10.1159/000455378
38908900,Host genetics and nutrition,"Odriozola A, González A, Álvarez-Herms J, Corbi F.",Odriozola A,Adv Genet,2024,22/06/2024,,,10.1016/bs.adgen.2024.03.001
37402955,Precision nutrition for targeting pathophysiology of cardiometabolic phenotypes,"Shannon CE, Ní Chathail MB, Mullin SM, Meehan A, McGillicuddy FC, Roche HM.",Shannon CE,Rev Endocr Metab Disord,2023,04/07/2023,PMC10492734,,10.1007/s11154-023-09821-5
32422947,Nutrients and Porphyria: An Intriguing Crosstalk,"Di Pierro E, Granata F.",Di Pierro E,Int J Mol Sci,2020,20/05/2020,PMC7279006,,10.3390/ijms21103462
34957189,Editorial: Micronutrients and Fatty Acids in Precision Nutrition Strategies,"Zec MM, Krga I, Zandberg L, Smuts CM.",Zec MM,Front Nutr,2021,27/12/2021,PMC8695751,,10.3389/fnut.2021.788215
32863845,Systemic vitamin intake impacting tissue proteomes,"Jeong H, Vacanti NM.",Jeong H,Nutr Metab (Lond),2020,01/09/2020,PMC7449053,,10.1186/s12986-020-00491-7
35025088,Metabotyping for Precision Nutrition and Weight Management: Hype or Hope?,"Pigsborg K, Magkos F.",Pigsborg K,Curr Nutr Rep,2022,13/01/2022,,,10.1007/s13668-021-00392-y
35653600,"Carbohydrates, Insulin Secretion, and ""Precision Nutrition""","Ludwig DS, Ebbeling CB, Rimm EB.",Ludwig DS,Diabetes Care,2022,02/06/2022,,,10.2337/dci22-0009
37264892,Systems biology approaches to inform precision nutrition,"Mitchelson KAJ, Ní Chathail MB, Roche HM.",Mitchelson KAJ,Proc Nutr Soc,2023,02/06/2023,,,10.1017/S0029665123002732
31434587,Metabotyping and its role in nutrition research,"Hillesheim E, Brennan L.",Hillesheim E,Nutr Res Rev,2020,23/08/2019,,,10.1017/S0954422419000179
35593923,Precision nutrition in diabetes: when population-based dietary advice gets personal,Merino J.,Merino J,Diabetologia,2022,20/05/2022,,,10.1007/s00125-022-05721-6
33340176,Dietary intervention as a therapeutic for cancer,"Morita M, Kudo K, Shima H, Tanuma N.",Morita M,Cancer Sci,2021,19/12/2020,PMC7893991,,10.1111/cas.14777
32521722,Precision Nutrition and Childhood Obesity: A Scoping Review,"Wu Y, Perng W, Peterson KE.",Wu Y,Metabolites,2020,12/06/2020,PMC7345802,,10.3390/metabo10060235
37581871,Metabolic phenotyping in people living with obesity: Implications for dietary prevention,"Blaak EE, Goossens GH.",Blaak EE,Rev Endocr Metab Disord,2023,15/08/2023,PMC10492670,,10.1007/s11154-023-09830-4
34844714,Nutrigenetics and nutrigenomics-A personalized approach to nutrition,Ahluwalia MK.,Ahluwalia MK,Adv Genet,2021,30/11/2021,,,10.1016/bs.adgen.2021.08.005
35784800,Editorial: Insights in Sport and Exercise Nutrition: 2021,"Nieman DC, Cialdella-Kam L.",Nieman DC,Front Sports Act Living,2022,05/07/2022,PMC9247608,,10.3389/fspor.2022.937674
33515029,Nutrigenomics: lessons learned and future perspectives,"Brennan L, de Roos B.",Brennan L,Am J Clin Nutr,2021,30/01/2021,,,10.1093/ajcn/nqaa366
35770348,"Genetics and Epigenetics in Personalized Nutrition: Evidence, Expectations, and Experiences","Holzapfel C, Waldenberger M, Lorkowski S, Daniel H; Working Group “Personalized Nutrition” of the German Nutrition Society.",Holzapfel C,Mol Nutr Food Res,2022,30/06/2022,,,10.1002/mnfr.202200077
36277192,Editorial: Interplay of nutrition and genomics: Potential for improving performance and health of poultry,"Hassan FU, Alagawany M, Jha R.",Hassan FU,Front Physiol,2022,24/10/2022,PMC9580459,,10.3389/fphys.2022.1030995
37993702,Nutrigenomics and microbiome shaping the future of personalized medicine: a review article,"Kassem NM, Abdelmegid YA, El-Sayed MK, Sayed RS, Abdel-Aalla MH, Kassem HA.",Kassem NM,J Genet Eng Biotechnol,2023,22/11/2023,PMC10665279,,10.1186/s43141-023-00599-2
36204315,Editorial: Recent advances in nutrigenomics: Making strides towards precision nutrition,"Cole JB, Gabbianelli R.",Cole JB,Front Genet,2022,07/10/2022,PMC9531153,,10.3389/fgene.2022.997266
34970584,"Multiomics Approach to Precision Sports Nutrition: Limits, Challenges, and Possibilities",Nieman DC.,Nieman DC,Front Nutr,2021,31/12/2021,PMC8712338,,10.3389/fnut.2021.796360
36875367,"Components, prospects and challenges of personalized prevention","Jaskulski S, Nuszbaum C, Michels KB.",Jaskulski S,Front Public Health,2023,06/03/2023,PMC9978387,,10.3389/fpubh.2023.1075076
36672947,Antioxidant-Enriched Diet on Oxidative Stress and Inflammation Gene Expression: A Randomized Controlled Trial,"Gualtieri P, Marchetti M, Frank G, Smeriglio A, Trombetta D, Colica C, Cianci R, De Lorenzo A, Di Renzo L.",Gualtieri P,Genes (Basel),2023,21/01/2023,PMC9859217,,10.3390/genes14010206
33193229,"Anaerobic Fungi: Past, Present, and Future","Hess M, Paul SS, Puniya AK, van der Giezen M, Shaw C, Edwards JE, Fliegerová K.",Hess M,Front Microbiol,2020,16/11/2020,PMC7609409,,10.3389/fmicb.2020.584893
35785484,Nutrition for precision health: The time is now,Qi L.,Qi L,Obesity (Silver Spring),2022,05/07/2022,,,10.1002/oby.23448
35565709,"Nutrigenomics and Nutrigenetics Research in New Zealand, and Its Relevance and Application to Gastrointestinal Health","Ferguson L, Barnett M.",Ferguson L,Nutrients,2022,14/05/2022,PMC9103310,,10.3390/nu14091743
35454245,"Nutritional Modulation, Gut, and Omics Crosstalk in Ruminants","Abdelrahman M, Wang W, Shaukat A, Kulyar MF, Lv H, Abulaiti A, Yao Z, Ahmad MJ, Liang A, Yang L.",Abdelrahman M,Animals (Basel),2022,23/04/2022,PMC9029867,,10.3390/ani12080997
33477140,Strengthening the Reporting of Nutritional Genomics Research to Inform Knowledge Translation in Personalized Nutrition,Horne JR.,Horne JR,Lifestyle Genom,2021,21/01/2021,,,10.1159/000512544
36969822,"Editorial: Plant food bioactives, genomics, and health effects","Krga I, Ruskovska T, Milenkovic D.",Krga I,Front Nutr,2023,27/03/2023,PMC10031111,,10.3389/fnut.2023.1166149
36928810,Precision nutrition in the context of bariatric surgery,"Aguas-Ayesa M, Yárnoz-Esquíroz P, Olazarán L, Gómez-Ambrosi J, Frühbeck G.",Aguas-Ayesa M,Rev Endocr Metab Disord,2023,17/03/2023,PMC10020075,,10.1007/s11154-023-09794-5
33705622,Precision feeding and precision nutrition: a paradigm shift in broiler feed formulation?,"Moss AF, Chrystal PV, Cadogan DJ, Wilkinson SJ, Crowley TM, Choct M.",Moss AF,Anim Biosci,2021,11/03/2021,PMC7961200,,10.5713/ab.21.0034
35592285,Diet and human reproductive system: Insight of omics approaches,"Ma X, Wu L, Wang Y, Han S, El-Dalatony MM, Feng F, Tao Z, Yu L, Wang Y.",Ma X,Food Sci Nutr,2022,20/05/2022,PMC9094499,,10.1002/fsn3.2708
33066636,Statistical and Machine-Learning Analyses in Nutritional Genomics Studies,"Khorraminezhad L, Leclercq M, Droit A, Bilodeau JF, Rudkowska I.",Khorraminezhad L,Nutrients,2020,17/10/2020,PMC7602401,,10.3390/nu12103140
33652915,Nutrition and Rheumatoid Arthritis in the 'Omics' Era,"Cassotta M, Forbes-Hernandez TY, Cianciosi D, Elexpuru Zabaleta M, Sumalla Cano S, Dominguez I, Bullon B, Regolo L, Alvarez-Suarez JM, Giampieri F, Battino M.",Cassotta M,Nutrients,2021,03/03/2021,PMC7996781,,10.3390/nu13030763
38464367,Genotype-based precision nutrition strategies for the prediction and clinical management of type 2 diabetes mellitus,Ramos-Lopez O.,Ramos-Lopez O,World J Diabetes,2024,11/03/2024,PMC10921165,,10.4239/wjd.v15.i2.142
36925958,The opportunities and challenges for nutritional intervention in childhood cancers,"Wang K, Yang T, Zhang Y, Gao X, Tao L.",Wang K,Front Nutr,2023,17/03/2023,PMC10012036,,10.3389/fnut.2023.1091067
37186438,Lipid-Related Genetic Variants for Personalized Dietary Interventions: A Systematic Review,"Rivera-Íñiguez I, González-Becerra K, Ramos-Lopez O, Peréz-Beltrán YE, Chagüén-Hernández MS, Martínez-López E, Mendivil EJ.",Rivera-Íñiguez I,Mol Nutr Food Res,2023,15/05/2023,,,10.1002/mnfr.202200675
32714508,Nutrigenetics-personalized nutrition in obesity and cardiovascular diseases,"Barrea L, Annunziata G, Bordoni L, Muscogiuri G, Colao A, Savastano S; Obesity Programs of nutrition, Education, Research and Assessment (OPERA) Group.",Barrea L,Int J Obes Suppl,2020,28/07/2020,PMC7371677,,10.1038/s41367-020-0014-4
37603433,Precision Nutrition: The Hype Is Exceeding the Science and Evidentiary Standards Needed to Inform Public Health Recommendations for Prevention of Chronic Disease,"Bailey RL, Stover PJ.",Bailey RL,Annu Rev Nutr,2023,21/08/2023,PMC11015823,NIHMS1984379,10.1146/annurev-nutr-061021-025153
36458166,Ketogenic diets and Ketone suplementation: A strategy for therapeutic intervention,"Saris CGJ, Timmers S.",Saris CGJ,Front Nutr,2022,02/12/2022,PMC9705794,,10.3389/fnut.2022.947567
37994766,"Nutrigenomics: SNPs correlated to detoxification, antioxidant capacity and longevity","Bonetti G, Medori MC, Dhuli K, Macchia A, Donato K, Cristoni S, Miertus S, Miertus J, Veselenyiova D, Iaconelli A, Aquilanti B, Matera G, Connelly ST, Bertelli M.",Bonetti G,Clin Ter,2023,23/11/2023,,,10.7417/CT.2023.2489
38201942,Osteoarthritis in the Elderly Population: Preclinical Evidence of Nutrigenomic Activities of Flavonoids,"Naselli F, Bellavia D, Costa V, De Luca A, Raimondi L, Giavaresi G, Caradonna F.",Naselli F,Nutrients,2023,11/01/2024,PMC10780745,,10.3390/nu16010112
36479503,A review of the Mediterranean diet and nutritional genomics in relation to cancer in women,"Tuncel G, Hoti Q, Mocan G, Ergoren MC.",Tuncel G,J Prev Med Hyg,2022,08/12/2022,PMC9710391,,10.15167/2421-4248/jpmh2022.63.2S3.2750
38766521,The Exposome and Nutritional Pharmacology and Toxicology: A New Application for Metabolomics,"Rushing BR, Thessen AE, Soliman GA, Ramesh A, Sumner SC.",Rushing BR,Exposome,2023,20/05/2024,PMC11101153,NIHMS1942489,10.1093/exposome/osad008
37202031,Mediterranean exposotype: Genomic architecture and plant-based dietary metabolites,"Ismail AB, Ergören MÇ.",Ismail AB,Clin Nutr ESPEN,2023,18/05/2023,,,10.1016/j.clnesp.2023.02.017
38019262,Resistance exercise protects mice from protein-induced fat accretion,"Trautman ME, Braucher LN, Elliehausen C, Zhu WG, Zelenovskiy E, Green M, Sonsalla MM, Yeh CY, Hornberger TA, Konopka AR, Lamming DW.",Trautman ME,Elife,2023,29/11/2023,PMC10686620,,10.7554/eLife.91007
37513546,The Era of Precision Nutrition in the Field of Reproductive Health and Pregnancy,"Ahmad F, Calabrese CM, Terranegra A.",Ahmad F,Nutrients,2023,29/07/2023,PMC10384942,,10.3390/nu15143128
32432917,Influences of environmental factors during preeclampsia,"Dasinger JH, Abais-Battad JM, Mattson DL.",Dasinger JH,Am J Physiol Regul Integr Comp Physiol,2020,21/05/2020,PMC7864233,,10.1152/ajpregu.00020.2020
33669864,How Does Protein Nutrition Affect the Epigenetic Changes in Pig? A Review,"Marín-García PJ, Llobat L.",Marín-García PJ,Animals (Basel),2021,06/03/2021,PMC7923233,,10.3390/ani11020544
36118748,Precision nutrition: Maintaining scientific integrity while realizing market potential,"Berciano S, Figueiredo J, Brisbois TD, Alford S, Koecher K, Eckhouse S, Ciati R, Kussmann M, Ordovas JM, Stebbins K, Blumberg JB.",Berciano S,Front Nutr,2022,19/09/2022,PMC9481417,,10.3389/fnut.2022.979665
36416668,Nutritional Epigenetics and Phytochemicals in Cancer Formation,"Açar Y, Akbulut G.",Açar Y,J Am Nutr Assoc,2023,23/11/2022,,,10.1080/27697061.2022.2147106
37432381,Dietary Oncopharmacognosy as a Crosswalk between Precision Oncology and Precision Nutrition,"Thompson HJ, Lutsiv T, McGinley JN, Hussan H, Playdon MC.",Thompson HJ,Nutrients,2023,11/07/2023,PMC10180692,,10.3390/nu15092219
36421817,Multi-Omics Nutritional Approaches Targeting Metabolic-Associated Fatty Liver Disease,Ramos-Lopez O.,Ramos-Lopez O,Genes (Basel),2022,24/11/2022,PMC9690481,,10.3390/genes13112142
34467803,A Review of Digital Innovations for Diet Monitoring and Precision Nutrition,"Mortazavi BJ, Gutierrez-Osuna R.",Mortazavi BJ,J Diabetes Sci Technol,2023,01/09/2021,PMC9846399,,10.1177/19322968211041356
36031039,Nutrigenomics in crustaceans: Current status and future prospects,"Alhoshy M, Shehata AI, Habib YJ, Abdel-Latif HMR, Wang Y, Zhang Z.",Alhoshy M,Fish Shellfish Immunol,2022,28/08/2022,,,10.1016/j.fsi.2022.08.056
38316343,Potential Mechanisms of Precision Nutrition-Based Interventions for Managing Obesity,"Mehta NH, Huey SL, Kuriyan R, Peña-Rosas JP, Finkelstein JL, Kashyap S, Mehta S.",Mehta NH,Adv Nutr,2024,05/02/2024,PMC10914563,,10.1016/j.advnut.2024.100186
32065556,Nutritional and environmental contributions to autism spectrum disorders: Focus on nutrigenomics as complementary therapy,"Jaureguiberry MS, Venturino A.",Jaureguiberry MS,Int J Vitam Nutr Res,2022,18/02/2020,,,10.1024/0300-9831/a000630
35856004,Nutrigenomics in livestock sector and its human-animal interface-a review,"Haq ZU, Saleem A, Khan AA, Dar MA, Ganaie AM, Beigh YA, Hamadani H, Ahmad SM.",Haq ZU,Vet Anim Sci,2022,20/07/2022,PMC9287789,,10.1016/j.vas.2022.100262
35919568,The Advent of Nutrigenomics: A Narrative Review with an Emphasis on Psychological Disorders,"Birla M, Choudhary C, Singh G, Gupta S, Bhawana, Vavilala P.",Birla M,Prev Nutr Food Sci,2022,03/08/2022,PMC9309077,,10.3746/pnf.2022.27.2.150
35815018,A Role for Data Science in Precision Nutrition and Early Brain Development,"Morton SU, Leyshon BJ, Tamilia E, Vyas R, Sisitsky M, Ladha I, Lasekan JB, Kuchan MJ, Grant PE, Ou Y.",Morton SU,Front Psychiatry,2022,11/07/2022,PMC9259898,,10.3389/fpsyt.2022.892259
37858629,Gene Signals and SNPs Associated with Parkinson's Disease: A Nutrigenomics and Computational Prospective Insights,"Subramaniyan S, Kuriakose BB, Mushfiq S, Prabhu NM, Muthusamy K.",Subramaniyan S,Neuroscience,2023,20/10/2023,,,10.1016/j.neuroscience.2023.10.007
36479478,Metabolomics application for the design of an optimal diet,"Naureen Z, Cristoni S, Donato K, Medori MC, Samaja M, Herbst KL, Aquilanti B, Velluti V, Matera G, Fioretti F, Iaconelli A, Perrone MA, DI Giulio L, Gregorace E, Chiurazzi P, Nodari S, Connelly ST, Bertelli M.",Naureen Z,J Prev Med Hyg,2022,08/12/2022,PMC9710392,,10.15167/2421-4248/jpmh2022.63.2S3.2755
37994767,Nutrigenomics: SNPs correlated to Food Preferences and Susceptibilities,"Medori MC, Dhuli K, Bonetti G, Donato K, Cristoni S, Ceccarini MR, Beccari T, Iaconelli A, Aquilanti B, Matera G, Herbst KL, Connelly ST, Bertelli M.",Medori MC,Clin Ter,2023,23/11/2023,,,10.7417/CT.2023.2490
33980120,"Military nutrition research: Contemporary issues, state of the science and future directions","Karl JP, Margolis LM, Fallowfield JL, Child RB, Martin NM, McClung JP.",Karl JP,Eur J Sport Sci,2022,13/05/2021,,,10.1080/17461391.2021.1930192
37994765,Nutrigenomics: SNPs Correlated to Lipid and Carbohydrate Metabolism,"Madeo G, Donato K, Micheletti C, Cristoni S, Miertus S, Miertus J, Veselenyiova D, Iaconelli A, Aquilanti B, Matera G, Connelly ST, Bertelli M.",Madeo G,Clin Ter,2023,23/11/2023,,,10.7417/CT.2023.2488
34803535,Application of Phytochemicals in Immune Disorders: Their Roles Beyond Antioxidants,Bland JS.,Bland JS,Integr Med (Encinitas),2021,22/11/2021,PMC8594972,,
38525242,Editorial: Nutrigenomics: omics of maternal nutrition and foetal programming,"Vargas-Bello-Pérez E, Elolimy A, Abdelatty AM.",Vargas-Bello-Pérez E,Front Genet,2024,25/03/2024,PMC10958649,,10.3389/fgene.2024.1327341
34705214,"""Right diet for the right person"": a focus group study of nutritionist-dietitians' perspectives on nutritional genomics and gene-based nutrition advice","Nacis JS, Galang MR, Labrador JPH, Gonzales MS, Dablo AMFD, Domalanta-Ronquillo DGA, Alfonso VFJ Jr, Glorioso IG, Rodriguez MP.",Nacis JS,J Community Genet,2022,27/10/2021,PMC8799789,,10.1007/s12687-021-00560-1
36011409,"Relationship between Nutrition, Lifestyle, and Neurodegenerative Disease: Lessons from ADH1B, CYP1A2 and MTHFR","Barati S, Fabrizio C, Strafella C, Cascella R, Caputo V, Megalizzi D, Peconi C, Mela J, Colantoni L, Caltagirone C, Termine A, Giardina E.",Barati S,Genes (Basel),2022,26/08/2022,PMC9408177,,10.3390/genes13081498
37960324,Regulation of Macronutrients in Insulin Resistance and Glucose Homeostasis during Type 2 Diabetes Mellitus,"Yang W, Jiang W, Guo S.",Yang W,Nutrients,2023,14/11/2023,PMC10647592,,10.3390/nu15214671
37236549,A randomized clinical trial comparing low-fat with precision nutrition-based diets for weight loss: impact on glycemic variability and HbA1c,"Kharmats AY, Popp C, Hu L, Berube L, Curran M, Wang C, Pompeii ML, Li H, Bergman M, St-Jules DE, Segal E, Schoenthaler A, Williams N, Schmidt AM, Barua S, Sevick MA.",Kharmats AY,Am J Clin Nutr,2023,26/05/2023,PMC10447469,,10.1016/j.ajcnut.2023.05.026
33461193,Gene-Centric Database Reveals Environmental and Lifestyle Relationships for Potential Risk Modification and Prevention,Martin RL.,Martin RL,Lifestyle Genom,2021,18/01/2021,,,10.1159/000512690
38946787,"Editorial: Nutrigenomics and personalized nutrition: advancing basic, clinical, and translational research","Lagoumintzis G, Afratis NA, Patrinos GP.",Lagoumintzis G,Front Nutr,2024,01/07/2024,PMC11211598,,10.3389/fnut.2024.1435475
33670730,Precision Nutrition to Activate Thermogenesis as a Complementary Approach to Target Obesity and Associated-Metabolic-Disorders,"Reguero M, Gómez de Cedrón M, Wagner S, Reglero G, Quintela JC, Ramírez de Molina A.",Reguero M,Cancers (Basel),2021,06/03/2021,PMC7922953,,10.3390/cancers13040866
37889707,The Interaction between Feed Bioactive Compounds and Chicken Genome,"Gvozdanović K, Kralik Z, Radišić Ž, Košević M, Kralik G, Djurkin Kušec I.",Gvozdanović K,Animals (Basel),2023,27/10/2023,PMC10251886,,10.3390/ani13111831
35096307,Lifestyle Genetics-Based Reports in the Treatment of Obesity,"Gasmi A, Mujawdiya PK, Noor S, Piscopo S, Menzel A.",Gasmi A,Arch Razi Inst,2021,31/01/2022,PMC8790989,,10.22092/ari.2021.356057.1768
35948824,Appraisal of Gene-Environment Interactions in GWAS for Evidence-Based Precision Nutrition Implementation,"San-Cristobal R, de Toro-Martín J, Vohl MC.",San-Cristobal R,Curr Nutr Rep,2022,10/08/2022,PMC9750926,,10.1007/s13668-022-00430-3
38450235,Ketogenic therapy towards precision medicine for brain diseases,"Liu Y, Fan L, Yang H, Wang D, Liu R, Shan T, Xia X.",Liu Y,Front Nutr,2024,07/03/2024,PMC10915067,,10.3389/fnut.2024.1266690
34946803,Advances and Limitations of Next Generation Sequencing in Animal Diet Analysis,"Liu G, Zhang S, Zhao X, Li C, Gong M.",Liu G,Genes (Basel),2021,24/12/2021,PMC8701983,,10.3390/genes12121854
35098973,Evidence-Based Tools for Dietary Assessments in Nutrition Epidemiology Studies for Dementia Prevention,"Abbott KA, Posma JM, Garcia-Perez I, Udeh-Momoh C, Ahmadi-Abhari S, Middleton L, Frost G.",Abbott KA,J Prev Alzheimers Dis,2022,31/01/2022,,,10.14283/jpad.2022.6
36235725,Holistic Integration of Omics Tools for Precision Nutrition in Health and Disease,"Ramos-Lopez O, Martinez JA, Milagro FI.",Ramos-Lopez O,Nutrients,2022,14/10/2022,PMC9572439,,10.3390/nu14194074
38882486,"""Nutrient-fungi-host"" tripartite interaction in cancer progression","Wu D, Guan YX, Li CH, Zheng Q, Yin ZJ, Wang H, Liu NN.",Wu D,Imeta,2024,17/06/2024,PMC11170973,,10.1002/imt2.170
36501140,Implementation of Nutrigenetics and Nutrigenomics Research and Training Activities for Developing Precision Nutrition Strategies in Malaysia,"Dhanapal ACTA, Wuni R, Ventura EF, Chiet TK, Cheah ESG, Loganathan A, Quen PL, Appukutty M, Noh MFM, Givens I, Vimaleswaran KS.",Dhanapal ACTA,Nutrients,2022,11/12/2022,PMC9740135,,10.3390/nu14235108
37458175,"Nutrition strategies to counteract sarcopenia: a focus on protein, LC n-3 PUFA and precision nutrition","Murphy CH, McCarthy SN, Roche HM.",Murphy CH,Proc Nutr Soc,2023,17/07/2023,,,10.1017/S0029665123003555
36500991,Unravelling the Complex Relationship between Diet and Nephrolithiasis: The Role of Nutrigenomics and Nutrigenetics,"D'Ambrosio V, Ferraro PM, Lombardi G, Friso S, Gambaro G.",D'Ambrosio V,Nutrients,2022,11/12/2022,PMC9739708,,10.3390/nu14234961
38281958,A genomics perspective of personalized prevention and management of obesity,"Gkouskou KK, Grammatikopoulou MG, Lazou E, Vasilogiannakopoulou T, Sanoudou D, Eliopoulos AG.",Gkouskou KK,Hum Genomics,2024,28/01/2024,PMC10823690,,10.1186/s40246-024-00570-3
34063372,Nutrigenomics and Nutrigenetics in Metabolic- (Dysfunction) Associated Fatty Liver Disease: Novel Insights and Future Perspectives,"Dallio M, Romeo M, Gravina AG, Masarone M, Larussa T, Abenavoli L, Persico M, Loguercio C, Federico A.",Dallio M,Nutrients,2021,02/06/2021,PMC8156164,,10.3390/nu13051679
34008960,Wearable and Mobile Sensors for Personalized Nutrition,"Sempionatto JR, Montiel VR, Vargas E, Teymourian H, Wang J.",Sempionatto JR,ACS Sens,2021,19/05/2021,,,10.1021/acssensors.1c00553
32369817,What Will It Take to Build an Expert Group of Nutrigenomic Practitioners?,"Joffe Y, Herholdt H.",Joffe Y,Lifestyle Genom,2020,06/05/2020,,,10.1159/000507252
35634143,Omics Technology for the Promotion of Nutraceuticals and Functional Foods,"Pandita D, Pandita A.",Pandita D,Front Physiol,2022,31/05/2022,PMC9136416,,10.3389/fphys.2022.817247
35561742,"Perspectives: on Precision Nutrition Research in Heart, Lung, and Blood Diseases and Sleep Disorders","Pratt CA, Brown AGM, Dixit S, Farmer N, Natarajan A, Boyington J, Shi S, Lu Q, Cotton P.",Pratt CA,Adv Nutr,2022,13/05/2022,PMC9526828,,10.1093/advances/nmac053
32994289,The Gut Microbiome and Individual-Specific Responses to Diet,"Leshem A, Segal E, Elinav E.",Leshem A,mSystems,2020,30/09/2020,PMC7527138,,10.1128/mSystems.00665-20
38618553,Need for a nutrition-specific scientific paradigm for research quality improvement,"Flanagan A, Bradfield J, Kohlmeier M, Ray S.",Flanagan A,BMJ Nutr Prev Health,2023,15/04/2024,PMC11009547,,10.1136/bmjnph-2023-000650
35444269,Opportunities to integrate nutrigenomics into clinical practice and patient counseling,"Roosan D, Wu Y, Tran M, Huang Y, Baskys A, Roosan MR.",Roosan D,Eur J Clin Nutr,2023,21/04/2022,,,10.1038/s41430-022-01146-x
33216693,"Special Issue: Plant Omics, Food Engineering, and New Frontiers in Nutrigenomics",Özdemir V.,Özdemir V,OMICS,2020,20/11/2020,,,10.1089/omi.2020.0203
33883417,Recent advances and current controversies in genetic testing for personalized nutrition,"Garcia-Bailo B, El-Sohemy A.",Garcia-Bailo B,Curr Opin Clin Nutr Metab Care,2021,22/04/2021,,,10.1097/MCO.0000000000000763
36367649,Emergence of nutrigenomics and dietary components as a complementary therapy in cancer prevention,"Srivastava S, Dubey AK, Madaan R, Bala R, Gupta Y, Dhiman BS, Kumar S.",Srivastava S,Environ Sci Pollut Res Int,2022,11/11/2022,,,10.1007/s11356-022-24045-x
36777761,Precision Nutrition Initiative: Toward Personalized Diet Recommendations for Patients With Inflammatory Bowel Diseases,"Hurtado-Lorenzo A, Honig G, Heller C.",Hurtado-Lorenzo A,Crohns Colitis 360,2020,13/02/2023,PMC9802167,,10.1093/crocol/otaa087
38474710,"Precision Nutrition Unveiled: Gene-Nutrient Interactions, Microbiota Dynamics, and Lifestyle Factors in Obesity Management","Mansour S, Alkhaaldi SMI, Sammanasunathan AF, Ibrahim S, Farhat J, Al-Omari B.",Mansour S,Nutrients,2024,13/03/2024,PMC10935146,,10.3390/nu16050581
33259623,Personalized Nutrition Through The Gut Microbiota: Current Insights And Future Perspectives,Vandeputte D.,Vandeputte D,Nutr Rev,2020,01/12/2020,,,10.1093/nutrit/nuaa098
36207590,Precision nutrition to boost cancer treatments,Senior M.,Senior M,Nat Biotechnol,2022,07/10/2022,,,10.1038/s41587-022-01502-z
36180759,The role of nutrition in harnessing the immune system: a potential approach to prevent cancer,"Xiaogang H, Sharma M, Saif I, Ali G, Li X, Salama ES.",Xiaogang H,Med Oncol,2022,30/09/2022,,,10.1007/s12032-022-01850-5
38532583,[Precision nutritional therapy in gastrointestinal tumor],"Zhou D, Wang SJ, Wang XY.",Zhou D,Zhonghua Wei Chang Wai Ke Za Zhi,2024,27/03/2024,,,10.3760/cma.j.cn441530-20231212-00212
37836535,Epigenetic Biomarkers of Metabolic Responses to Lifestyle Interventions,Ramos-Lopez O.,Ramos-Lopez O,Nutrients,2023,14/10/2023,PMC10574040,,10.3390/nu15194251
38794717,Do Precision and Personalised Nutrition Interventions Improve Risk Factors in Adults with Prediabetes or Metabolic Syndrome? A Systematic Review of Randomised Controlled Trials,"Robertson S, Clarke ED, Gómez-Martín M, Cross V, Collins CE, Stanford J.",Robertson S,Nutrients,2024,25/05/2024,PMC11124316,,10.3390/nu16101479
33551236,"The need for precision nutrition, genetic variation and resolution in Covid-19 patients","Simopoulos AP, Serhan CN, Bazinet RP.",Simopoulos AP,Mol Aspects Med,2021,08/02/2021,PMC7843119,,10.1016/j.mam.2021.100943
36849083,Perspective: A Comprehensive Evaluation of Data Quality in Nutrient Databases,"Li Z, Forester S, Jennings-Dobbs E, Heber D.",Li Z,Adv Nutr,2023,27/02/2023,PMC10201679,,10.1016/j.advnut.2023.02.005
32944978,Developments in evidence creation for treatments of inborn errors of metabolism,"Stockler-Ipsiroglu S, Potter BK, Yuskiv N, Tingley K, Patterson M, van Karnebeek C.",Stockler-Ipsiroglu S,J Inherit Metab Dis,2021,18/09/2020,PMC7891579,,10.1002/jimd.12315
37207358,The Role of Artificial Intelligence in Deciphering Diet-Disease Relationships: Case Studies,"Cohen Y, Valdés-Mas R, Elinav E.",Cohen Y,Annu Rev Nutr,2023,19/05/2023,,,10.1146/annurev-nutr-061121-090535
34898145,Challenges and Opportunities for Precision and Personalized Nutrition: Proceedings of a Workshop—in Brief,"National Academies of Sciences, Engineering, and Medicine; Health and Medicine Division; Food and Nutrition Board; Food Forum; Callahan AE, editor.","National Academies of Sciences, Engineering, and Medicine; Health and Medicine Division; Food and Nutrition Board; Food Forum",Challenges and Opportunities for Precision and Personalized Nutrition: Proceedings of a Workshop—in Brief,2021,08/12/2021,,,10.17226/26407
37316060,Non-dairy prebiotics: Conceptual relevance with nutrigenomics and mechanistic understanding of the effects on human health,"Devi R, Sharma E, Thakur R, Lal P, Kumar A, Altaf MA, Singh B, Tiwari RK, Lal MK, Kumar R.",Devi R,Food Res Int,2023,14/06/2023,,,10.1016/j.foodres.2023.112980
36446341,Genome Tectonics: Linking Dynamic Genome Organization with Cellular Nutrients,"Fleming M, Nelson F, Wallace I, Eskiw CH.",Fleming M,Lifestyle Genom,2023,29/11/2022,,,10.1159/000528011
32135011,Genetic and Genomic Advances in Developmental Models: Applications for Nutrition Research,"Chowanadisai W, Hart MD, Strong MD, Graham DM, Rucker RB, Smith BJ, Keen CL, Messerli MA.",Chowanadisai W,Adv Nutr,2020,06/03/2020,PMC7360451,,10.1093/advances/nmaa022
36388372,Intermittent fasting and time-restricted eating role in dietary interventions and precision nutrition,Soliman GA.,Soliman GA,Front Public Health,2022,17/11/2022,PMC9650338,,10.3389/fpubh.2022.1017254
34366888,Nutrigenomics in Regulating the Expression of Genes Related to Type 2 Diabetes Mellitus,"Felisbino K, Granzotti JG, Bello-Santos L, Guiloski IC.",Felisbino K,Front Physiol,2021,09/08/2021,PMC8334860,,10.3389/fphys.2021.699220
37994763,"Nutrigenomics: SNPs correlated to physical activity, response to chiropractic treatment, mood and sleep","Donato K, Madeo G, Micheletti C, Cristoni S, Ceccarini MR, Beccari T, Iaconelli A, Aquilanti B, Matera G, Herbst KL, Bertelli M.",Donato K,Clin Ter,2023,23/11/2023,,,10.7417/CT.2023.2486
35184443,[New definition of precision nutrition: concept and implementation],"Liu Y, Chen W.",Liu Y,Zhonghua Yu Fang Yi Xue Za Zhi,2022,20/02/2022,,,10.3760/cma.j.cn112150-20210727-00713
35104729,"Role of diet-microbiota interactions in precision nutrition of the chicken: facts, gaps, and new concepts",Kogut MH.,Kogut MH,Poult Sci,2022,01/02/2022,PMC8814386,,10.1016/j.psj.2021.101673
35124351,Precision intestinal nutrition: knowledge and gaps regarding the role of amino acids during an enteric challenge,"Lee DT, Rochell SJ.",Lee DT,Poult Sci,2022,06/02/2022,PMC8819384,,10.1016/j.psj.2021.101674
37065744,Editorial: Dynamic relationship between secretome of adipose tissue and nutrition,"Senesi P, Ferrulli A, Terruzzi I.",Senesi P,Front Endocrinol (Lausanne),2023,17/04/2023,PMC10102633,,10.3389/fendo.2023.1166914
37631008,Associations between Nutrigenomic Effects and Incidences of Microbial Resistance against Novel Antibiotics,"Raslan MA, Raslan SA, Shehata EM, Mahmoud AS, Lundstrom K, Barh D, Azevedo V, Sabri NA.",Raslan MA,Pharmaceuticals (Basel),2023,26/08/2023,PMC10458141,,10.3390/ph16081093
37824190,Characterizing Precision Nutrition Discourse on Twitter: Quantitative Content Analysis,"Batheja S, Schopp EM, Pappas S, Ravuri S, Persky S.",Batheja S,J Med Internet Res,2023,12/10/2023,PMC10603558,,10.2196/43701
36173075,"Drug-food Interactions in the Era of Molecular Big Data, Machine Intelligence, and Personalized Health","Roy R, Marakkar S, Vayalil MP, Shahanaz A, Anil AP, Kunnathpeedikayil S, Rawal I, Shetty K, Shameer Z, Sathees S, Prasannakumar AP, Mathew OK, Subramanian L, Shameer K, Yadav KK.",Roy R,Recent Adv Food Nutr Agric,2022,29/09/2022,PMC10258917,,10.2174/2212798412666220620104809
34143642,The Influence of Timing in Critical Care Nutrition,"McKeever L, Peterson SJ, Lateef O, Braunschweig C.",McKeever L,Annu Rev Nutr,2021,18/06/2021,,,10.1146/annurev-nutr-111120-114108
38015713,"Genetics, Nutrition, and Health: A New Frontier in Disease Prevention","Agrawal P, Kaur J, Singh J, Rasane P, Sharma K, Bhadariya V, Kaur S, Kumar V.",Agrawal P,J Am Nutr Assoc,2024,28/11/2023,,,10.1080/27697061.2023.2284997
36232603,Nutrient-Mediated Perception and Signalling in Human Metabolism: A Perspective of Nutrigenomics,"Lal MK, Sharma E, Tiwari RK, Devi R, Mishra UN, Thakur R, Gupta R, Dey A, Lal P, Kumar A, Altaf MA, Sahu DN, Kumar R, Singh B, Sahu SK.",Lal MK,Int J Mol Sci,2022,14/10/2022,PMC9569568,,10.3390/ijms231911305
36382659,Omega-3 pleiad: The multipoint anti-inflammatory strategy,"da Silva Batista E, Nakandakari SCBR, Ramos da Silva AS, Pauli JR, Pereira de Moura L, Ropelle ER, Camargo EA, Cintra DE.",da Silva Batista E,Crit Rev Food Sci Nutr,2024,16/11/2022,,,10.1080/10408398.2022.2146044
32373623,Helping Mom Help Baby: Nutrition-Based Support for the Mother-Infant Dyad During Lactation,"Ford EL, Underwood MA, German JB.",Ford EL,Front Nutr,2020,07/05/2020,PMC7186439,,10.3389/fnut.2020.00054
35938101,"Female infertility and diet, is there a role for a personalized nutritional approach in assisted reproductive technologies? A Narrative Review","Kohil A, Chouliaras S, Alabduljabbar S, Lakshmanan AP, Ahmed SH, Awwad J, Terranegra A.",Kohil A,Front Nutr,2022,08/08/2022,PMC9353397,,10.3389/fnut.2022.927972
36613286,Lactoferrin-The Health-Promoting Properties and Contemporary Application with Genetic Aspects,"Jańczuk A, Brodziak A, Czernecki T, Król J.",Jańczuk A,Foods,2022,08/01/2023,PMC9818722,,10.3390/foods12010070
36990891,A New Approach to Personalized Nutrition: Postprandial Glycemic Response and its Relationship to Gut Microbiota,"Guizar-Heredia R, Noriega LG, Rivera AL, Resendis-Antonio O, Guevara-Cruz M, Torres N, Tovar AR.",Guizar-Heredia R,Arch Med Res,2023,29/03/2023,,,10.1016/j.arcmed.2023.02.007
37845732,New insights into the nutritional genomics of adult-onset riboflavin-responsive diseases,"Murgia C, Dehlia A, Guthridge MA.",Murgia C,Nutr Metab (Lond),2023,16/10/2023,PMC10580530,,10.1186/s12986-023-00764-x
34277527,Towards Tailored Gut Microbiome-Based and Dietary Interventions for Promoting the Development and Maintenance of a Healthy Brain,"Larroya A, Pantoja J, Codoñer-Franch P, Cenit MC.",Larroya A,Front Pediatr,2021,19/07/2021,PMC8280474,,10.3389/fped.2021.705859
38558823,Polyphenols: immunonutrients tipping the balance of immunometabolism in chronic diseases,"Ferreira C, Vieira P, Sá H, Malva J, Castelo-Branco M, Reis F, Viana S.",Ferreira C,Front Immunol,2024,01/04/2024,PMC10978763,,10.3389/fimmu.2024.1360065
37423161,Role of metabolomics in the delivery of precision nutrition,"Brennan L, de Roos B.",Brennan L,Redox Biol,2023,09/07/2023,PMC10461186,,10.1016/j.redox.2023.102808
37420009,Pursuing precision in medicine and nutrition: the rise of electrochemical biosensing at the molecular level,"Campuzano S, Barderas R, Moreno-Casbas MT, Almeida Á, Pingarrón JM.",Campuzano S,Anal Bioanal Chem,2024,07/07/2023,PMC10951035,,10.1007/s00216-023-04805-5
33287559,"Nutrigenetics, nutrigenomics and phenotypic outcomes of dietary low-dose alcohol consumption in the suppression and induction of cancer development: evidence from in vitro studies","Caradonna F, Cruciata I, Luparello C.",Caradonna F,Crit Rev Food Sci Nutr,2022,08/12/2020,,,10.1080/10408398.2020.1850416
37414029,"Informatics for your Gut: at the Interface of Nutrition, the Microbiome, and Technology","Cooper K, Clarke M, Clayton JB.",Cooper K,Yearb Med Inform,2023,06/07/2023,PMC10751132,,10.1055/s-0043-1768723
35213241,"Future foods: Alternative proteins, food architecture, sustainable packaging, and precision nutrition","Liu F, Li M, Wang Q, Yan J, Han S, Ma C, Ma P, Liu X, McClements DJ.",Liu F,Crit Rev Food Sci Nutr,2023,25/02/2022,,,10.1080/10408398.2022.2033683
33230496,Avoidance of vitamin D deficiency to slow the COVID-19 pandemic,Kohlmeier M.,Kohlmeier M,BMJ Nutr Prev Health,2020,24/11/2020,PMC7295862,,10.1136/bmjnph-2020-000096
36134894,The development of wearable technologies and their potential for measuring nutrient intake: Towards precision nutrition,"Shi Z, Li X, Shuai Y, Lu Y, Liu Q.",Shi Z,Nutr Bull,2022,22/09/2022,,,10.1111/nbu.12581
37513665,Precision Nutrition Opportunities to Help Mitigate Nutrition and Health Challenges in Low- and Middle-Income Countries: An Expert Opinion Survey,"Bedsaul-Fryer JR, van Zutphen-Küffer KG, Monroy-Gomez J, Clayton DE, Gavin-Smith B, Worth C, Schwab CN, Freymond M, Surowska A, Bhering Martins L, Senn-Jakobsen C, Kraemer K.",Bedsaul-Fryer JR,Nutrients,2023,29/07/2023,PMC10385361,,10.3390/nu15143247
32721626,Nano-enabled personalized nutrition: Developing multicomponent-bioactive colloidal delivery systems,McClements DJ.,McClements DJ,Adv Colloid Interface Sci,2020,30/07/2020,,,10.1016/j.cis.2020.102211
38276558,Cow's Milk: A Benefit for Human Health? Omics Tools and Precision Nutrition for Lactose Intolerance Management,"Pratelli G, Tamburini B, Badami GD, Lo Pizzo M, De Blasio A, Carlisi D, Di Liberto D.",Pratelli G,Nutrients,2024,26/01/2024,PMC10819418,,10.3390/nu16020320
36536581,[Application and prospect of digital technology on personalized precision nutrition],"Zheng JL, Jiang S, Li XG, Wang H.",Zheng JL,Zhonghua Yu Fang Yi Xue Za Zhi,2022,20/12/2022,,,10.3760/cma.j.cn112150-20220628-00669
36908235,Effects of Mediterranean diets and nutrigenomics on cardiovascular health,"Bakrim S, Aboulaghras S, Aanniz T, Benali T, El Omari N, El-Shazly M, Lee LH, Mustafa SK, Sahib N, Rebezov M, Ali Shariati M, Lorenzo JM, Bouyahya A.",Bakrim S,Crit Rev Food Sci Nutr,2023,13/03/2023,,,10.1080/10408398.2023.2187622
33460438,Perspective: Application of N-of-1 Methods in Personalized Nutrition Research,"Potter T, Vieira R, de Roos B.",Potter T,Adv Nutr,2021,18/01/2021,PMC8166550,,10.1093/advances/nmaa173
35434472,An Open-Access Data Platform: Global Nutrition and Health Atlas (GNHA),"Zhou B, Liang S, Monahan KM, El-Abbadi N, Cruz MS, Chen Y, DeVane A, Reedy J, Zhang J, Semenova I, Montoliu I, Mozaffarian D, Wang D, Naumova EN.",Zhou B,Curr Dev Nutr,2022,18/04/2022,PMC9007240,,10.1093/cdn/nzac031
36235756,"Effect of Personalized Nutrition on Dietary, Physical Activity, and Health Outcomes: A Systematic Review of Randomized Trials","Shyam S, Lee KX, Tan ASW, Khoo TA, Harikrishnan S, Lalani SA, Ramadas A.",Shyam S,Nutrients,2022,14/10/2022,PMC9570623,,10.3390/nu14194104
32500817,"Assessing the effectiveness of actionable nutrigenomics and lifestyle genomics interventions for weight management in clinical practice: A critical, scoping review with directions for future research","Horne J, Gilliland J, Madill J.",Horne J,Nutr Health,2020,06/06/2020,,,10.1177/0260106020928667
38002923,Sex Differences in the Efficacy of Mediterranean Diet Treatment: A Nutrigenomics Pilot Study,"Di Renzo L, Gualtieri P, Frank G, De Santis GL, Cianci R, Bigioni G, De Lorenzo A.",Di Renzo L,Genes (Basel),2023,25/11/2023,PMC10671063,,10.3390/genes14111980
36349789,Nutrigenomics: Perceptions of South African Dietitians and General Practitioners,"Greyvensteyn D, Walsh CM, Nel M, Jordaan EM.",Greyvensteyn D,Lifestyle Genom,2023,09/11/2022,,,10.1159/000526898
38618528,Genotype-informed nutrition counselling in clinical practice,"Kohlmeier M, Baah E, Washko M, Adams K.",Kohlmeier M,BMJ Nutr Prev Health,2023,15/04/2024,PMC11009529,,10.1136/bmjnph-2023-000808
33797366,Nutrigenomics and Lifestyle Facet- A Modulatory Molecular Evidence in Progression of Breast and Colon Cancer with Emerging Importance,"Ray SK, Mukherjee S.",Ray SK,Curr Mol Med,2022,02/04/2021,,,10.2174/1566524021666210331151323
33946267,From Food to Genes: Transcriptional Regulation of Metabolism by Lipids and Carbohydrates,"Bravo-Ruiz I, Medina MÁ, Martínez-Poveda B.",Bravo-Ruiz I,Nutrients,2021,05/05/2021,PMC8145205,,10.3390/nu13051513
37301285,Perspective: Developing a Nutrient-Based Framework for Protein Quality,"Forester SM, Jennings-Dobbs EM, Sathar SA, Layman DK.",Forester SM,J Nutr,2023,10/06/2023,,,10.1016/j.tjnut.2023.06.004
36660409,Using nutrigenomics to guide personalized nutrition supplementation for bolstering immune system,Yang J.,Yang J,Health Inf Sci Syst,2023,20/01/2023,PMC9846659,,10.1007/s13755-022-00208-5
33025003,"More Nutrition Precision, Better Decisions for the Health of Our Nation","Stover PJ, King JC.",Stover PJ,J Nutr,2020,07/10/2020,PMC7919333,,10.1093/jn/nxaa280
38219722,Application of Gut Bacterial Profiling Information in Precision Nutrition for Obesity and Weight Loss Management,"Ramos-Lopez O, Aranaz P, Riezu-Boj JI, Milagro FI.",Ramos-Lopez O,Lifestyle Genom,2024,14/01/2024,,,10.1159/000536156
33648454,Consumer acceptance of genetic-based personalized nutrition in Hungary,"Szakály Z, Kovács B, Szakály M, T Nagy-Pető D, Popovics P, Kiss M.",Szakály Z,Genes Nutr,2021,02/03/2021,PMC7923598,,10.1186/s12263-021-00683-7
36313440,"Genetic variation in 9p21, dietary patterns, and insulin sensitivity","Mahdavi S, Jenkins DJA, El-Sohemy A.",Mahdavi S,Front Genet,2022,31/10/2022,PMC9616109,,10.3389/fgene.2022.988873
34917060,Editorial: Predictive Modeling of Human Microbiota and Their Role in Health and Disease,"Song HS, Lindemann SR, Lee DY.",Song HS,Front Microbiol,2021,17/12/2021,PMC8668940,,10.3389/fmicb.2021.782871
35600547,Feedomics provides bidirectional omics strategies between genetics and nutrition for improved production in cattle,"Liu X, Tang Y, Wu J, Liu JX, Sun HZ.",Liu X,Anim Nutr,2022,23/05/2022,PMC9097626,,10.1016/j.aninu.2022.03.002
36647719,Phytochemical activators of Nrf2: a review of therapeutic strategies in diabetes,"Qin S, Chen Z, Wen Y, Yi Y, Lv C, Zeng C, Chen L, Shi M.",Qin S,Acta Biochim Biophys Sin (Shanghai),2022,17/01/2023,PMC10157632,,10.3724/abbs.2022192
33513040,"A Placebogenomics/Nocebogenomics Challenge to Pharmacogenomics, Nutrigenomics, and Vaccinomics: Why Should We Rethink Association Study Designs?",Özdemir V.,Özdemir V,OMICS,2021,29/01/2021,,,10.1089/omi.2021.0003
37105011,Translation of nutrigenomic research for personalised and precision nutrition for cancer prevention and for cancer survivors,"Malcomson FC, Mathers JC.",Malcomson FC,Redox Biol,2023,27/04/2023,PMC10165138,,10.1016/j.redox.2023.102710
38865737,Precision nutrition impact on metabolic health and quality of life in aging population after a 3-month intervention: A randomized intervention,"Galarregui C, Navas-Carretero S, Zulet MA, González-Navarro CJ, Martínez JA, de Cuevillas B, Marcos-Pasero H, Aguilar-Aguilar E, Reglero G, Ramirez de Molina A, Chausa P, Iniesta JM, Hernando ME, Gómez EJ, Garcia-Rudolph A, García-Molina A, Loria-Kohen V, Abete I.",Galarregui C,J Nutr Health Aging,2024,12/06/2024,,,10.1016/j.jnha.2024.100289
34293109,Accurate Measurement of Nutrients and Nonnutritive Dietary Ingredients from Dietary Supplements Is Critical in the Precision Nutrition Era,"Gahche JJ, Bailey RL.",Gahche JJ,J Nutr,2021,22/07/2021,,,10.1093/jn/nxab237
33270964,RNAi-based gene silencing in Phenacoccus solenopsis and its validation by in planta expression of a double-stranded RNA,"Arya SK, Singh S, Upadhyay SK, Tiwari V, Saxena G, Verma PC.",Arya SK,Pest Manag Sci,2021,03/12/2020,,,10.1002/ps.6204
37545062,[Research Progress in Precision Nursing for Enhanced Recovery After Surgery],"Li Z, Liang H, Guo S, Guo N.",Li Z,Sichuan Da Xue Xue Bao Yi Xue Ban,2023,07/08/2023,PMC10442634,,10.12182/20230760502
38318472,Current insights into genome-based personalized nutrition technology: a patent review,"Park SH, Choi HK, Park JH, Hwang JT.",Park SH,Front Nutr,2024,06/02/2024,PMC10838982,,10.3389/fnut.2024.1346144
34308147,"Personalised, population and planetary nutrition for precision health","Martínez-González MA, Kim HS, Prakash V, Ramos-Lopez O, Zotor F, Martinez JA.",Martínez-González MA,BMJ Nutr Prev Health,2021,26/07/2021,PMC8258037,,10.1136/bmjnph-2021-000235
37536565,Perspective: Challenges and Future Directions in Clinical Research with Nuts and Berries,"Zuelch ML, Radtke MD, Holt RR, Basu A, Burton-Freeman B, Ferruzzi MG, Li Z, Shay NF, Shukitt-Hale B, Keen CL, Steinberg FM, Hackman RM.",Zuelch ML,Adv Nutr,2023,03/08/2023,PMC10509432,,10.1016/j.advnut.2023.07.010
33851196,Pushing the boundaries of precision nutrition to tackle Alzheimer's disease: is there a role for DHA?,"Fernandez-Chirino L, Antonio-Villa NE, Bello-Chavolla OY.",Fernandez-Chirino L,Am J Clin Nutr,2021,14/04/2021,,,10.1093/ajcn/nqab085
34270915,The role of precision nutrition in the modulation of microbial composition and function in people with inflammatory bowel disease,"Sasson AN, Ingram RJM, Zhang Z, Taylor LM, Ananthakrishnan AN, Kaplan GG, Ng SC, Ghosh S, Raman M.",Sasson AN,Lancet Gastroenterol Hepatol,2021,16/07/2021,,,10.1016/S2468-1253(21)00097-2
32329405,Nutrigenetics and nutrigenomics: ready for clinical use or still a way to go?,"Koromina M, Konstantinidou V, Georgaka M, Innocenti F, Patrinos GP.",Koromina M,Per Med,2020,25/04/2020,,,10.2217/pme-2020-0007
37499703,Food and drug design for gut microbiota-directed regulation: Current experimental landscape and future innovation,"Gao X, Zhao J, Chen W, Zhai Q.",Gao X,Pharmacol Res,2023,27/07/2023,,,10.1016/j.phrs.2023.106867
38521863,A defined diet for pre-adult Drosophila melanogaster,"Martelli F, Quig A, Mele S, Lin J, Fulton TL, Wansbrough M, Barlow CK, Schittenhelm RB, Johnson TK, Piper MDW.",Martelli F,Sci Rep,2024,24/03/2024,PMC10960813,,10.1038/s41598-024-57681-z
37047063,Role of Antioxidant Vitamins and Other Micronutrients on Regulations of Specific Genes and Signaling Pathways in the Prevention and Treatment of Cancer,"Fagbohun OF, Gillies CR, Murphy KPJ, Rupasinghe HPV.",Fagbohun OF,Int J Mol Sci,2023,13/04/2023,PMC10093825,,10.3390/ijms24076092
35608034,Vitamin D receptor gene polymorphism and vitamin D supplementation on clinical/ treatment outcome in tuberculosis: current and future perspectives,"Sekhar Miraj S, Vyas N, Kurian SJ, Baral T, Thomas L, Reddy BS, Munisamy M, Banerjee M, Rao M.",Sekhar Miraj S,Expert Rev Anti Infect Ther,2022,24/05/2022,,,10.1080/14787210.2022.2081546
37238002,"Crop, Host, and Gut Microbiome Variation Influence Precision Nutrition: An Example of Blueberries","Weaver CM, Ferruzzi MG, Maiz M, Cladis DP, Nakatsu CH, McCabe GP, Lila MA.",Weaver CM,Antioxidants (Basel),2023,27/05/2023,PMC10215964,,10.3390/antiox12051136
33202614,Innovations in Infant Feeding: Future Challenges and Opportunities in Obesity and Cardiometabolic Disease,"Alvarez-Pitti J, de Blas A, Lurbe E.",Alvarez-Pitti J,Nutrients,2020,18/11/2020,PMC7697724,,10.3390/nu12113508
37334485,Cultural adaptations and tailoring of public health nutrition interventions in Indigenous peoples and ethnic minority groups: opportunities for personalised and precision nutrition,"Livingstone KM, Love P, Mathers JC, Kirkpatrick SI, Olstad DL.",Livingstone KM,Proc Nutr Soc,2023,19/06/2023,,,10.1017/S002966512300304X
36940623,Current challenges and future implications of exploiting the omics data into nutrigenetics and nutrigenomics for personalized diagnosis and nutrition-based care,Singh V.,Singh V,Nutrition,2023,20/03/2023,,,10.1016/j.nut.2023.112002
35776949,Discordance between postprandial plasma glucose measurement and continuous glucose monitoring,"Barua S, A Wierzchowska-McNew R, Deutz NEP, Sabharwal A.",Barua S,Am J Clin Nutr,2022,01/07/2022,,,10.1093/ajcn/nqac181
35004815,A Systematic Review and Recommendations Around Frameworks for Evaluating Scientific Validity in Nutritional Genomics,"Keathley J, Garneau V, Zavala-Mora D, Heister RR, Gauthier E, Morin-Bernier J, Green R, Vohl MC.",Keathley J,Front Nutr,2021,10/01/2022,PMC8728558,,10.3389/fnut.2021.789215
35726316,Nutrigenomic Interventions to Address Metabolic Stress and Related Disorders in Transition Cows,"Hassan FU, Nadeem A, Javed M, Saif-Ur-Rehman M, Shahzad MA, Azhar J, Shokrollahi B.",Hassan FU,Biomed Res Int,2022,21/06/2022,PMC9206560,,10.1155/2022/2295017
35049772,Genes Related to Fat Metabolism in Pigs and Intramuscular Fat Content of Pork: A Focus on Nutrigenetics and Nutrigenomics,"Malgwi IH, Halas V, Grünvald P, Schiavon S, Jócsák I.",Malgwi IH,Animals (Basel),2022,20/01/2022,PMC8772548,,10.3390/ani12020150
38072919,Sex bias in celiac disease: XWAS and monocyte eQTLs in women identify TMEM187 as a functional candidate gene,"Hernangomez-Laderas A, Cilleros-Portet A, Martínez Velasco S, Marí S, Legarda M, González-García BP, Tutau C, García-Santisteban I, Irastorza I, Fernandez-Jimenez N, Bilbao JR.",Hernangomez-Laderas A,Biol Sex Differ,2023,10/12/2023,PMC10712119,,10.1186/s13293-023-00572-1
36966025,"Review: Fundamentals, limitations and pitfalls on the development and application of precision nutrition techniques for precision livestock farming","Pomar C, Remus A.",Pomar C,Animal,2023,25/03/2023,,,10.1016/j.animal.2023.100763
34801688,"Are eggs good again? A precision nutrition perspective on the effects of eggs on cardiovascular risk, taking into account plasma lipid profiles and TMAO","Kang JW, Zivkovic AM.",Kang JW,J Nutr Biochem,2022,21/11/2021,,,10.1016/j.jnutbio.2021.108906
36567227,Drosophila as a diet discovery tool for treating amino acid disorders,"Mele S, Martelli F, Lin J, Kanca O, Christodoulou J, Bellen HJ, Piper MDW, Johnson TK.",Mele S,Trends Endocrinol Metab,2023,25/12/2022,,,10.1016/j.tem.2022.12.004
37447291,"Editorial to the Special Issue 'Nutritional Intervention in Digestive Diseases in the Era of Nutraceuticals, Nutrigenomics and Microbiomics'","Ashktorab H, Brim H.",Ashktorab H,Nutrients,2023,14/07/2023,PMC10346981,,10.3390/nu15132964
37146917,"Integration of nutrigenomics, melatonin, serotonin and inflammatory cytokines in the pathophysiology of pregnancy-specific urinary incontinence in women with gestational diabetes mellitus","França DCH, França EL, Sobrevia L, Barbosa AMP, Honorio-França AC, Rudge MVC; Diamater Study Group. Electronic address: diamaterstudy@gmail.com.",França DCH,Biochim Biophys Acta Mol Basis Dis,2023,05/05/2023,,,10.1016/j.bbadis.2023.166737
33845862,Treatable inherited metabolic disorders causing intellectual disability: 2021 review and digital app,"Hoytema van Konijnenburg EMM, Wortmann SB, Koelewijn MJ, Tseng LA, Houben R, Stöckler-Ipsiroglu S, Ferreira CR, van Karnebeek CDM.",Hoytema van Konijnenburg EMM,Orphanet J Rare Dis,2021,13/04/2021,PMC8042729,,10.1186/s13023-021-01727-2
35806934,The Role of Insulin Resistance in Fueling NAFLD Pathogenesis: From Molecular Mechanisms to Clinical Implications,"Palma R, Pronio A, Romeo M, Scognamiglio F, Ventriglia L, Ormando VM, Lamazza A, Pontone S, Federico A, Dallio M.",Palma R,J Clin Med,2022,09/07/2022,PMC9267803,,10.3390/jcm11133649
37189240,The Promise of Precision Nutrition for Modulation of the Gut Microbiota as a Novel Therapeutic Approach to Acute Graft-versus-host Disease,"Lakshmanan AP, Deola S, Terranegra A.",Lakshmanan AP,Transplantation,2023,16/05/2023,PMC10664798,,10.1097/TP.0000000000004629
35802522,Valuing the Diversity of Research Methods to Advance Nutrition Science,"Mattes RD, Rowe SB, Ohlhorst SD, Brown AW, Hoffman DJ, Liska DJ, Feskens EJM, Dhillon J, Tucker KL, Epstein LH, Neufeld LM, Kelley M, Fukagawa NK, Sunde RA, Zeisel SH, Basile AJ, Borth LE, Jackson E.",Mattes RD,Adv Nutr,2022,08/07/2022,PMC9340992,,10.1093/advances/nmac043
33758941,Genetics of Iron Metabolism and Premenstrual Symptoms: A Mendelian Randomization Study,"Zeitoun T, Dehghan Noudeh N, Garcia-Bailo B, El-Sohemy A.",Zeitoun T,J Nutr,2021,24/03/2021,,,10.1093/jn/nxab048
35047011,Using Machine Learning to Predict Obesity Based on Genome-Wide and Epigenome-Wide Gene-Gene and Gene-Diet Interactions,"Lee YC, Christensen JJ, Parnell LD, Smith CE, Shao J, McKeown NM, Ordovás JM, Lai CQ.",Lee YC,Front Genet,2022,20/01/2022,PMC8763388,,10.3389/fgene.2021.783845
38213585,Take metabolic heterogeneity into consideration when applying dietary interventions to cancer therapy: A review,"Ni C, Li J.",Ni C,Heliyon,2023,12/01/2024,PMC10782175,,10.1016/j.heliyon.2023.e22814
32129734,The association between the maternal diet and the maternal and infant gut microbiome: a systematic review,"Maher SE, O'Brien EC, Moore RL, Byrne DF, Geraghty AA, Saldova R, Murphy EF, Van Sinderen D, Cotter PD, McAuliffe FM.",Maher SE,Br J Nutr,2020,05/03/2020,,,10.1017/S0007114520000847
38428435,Transforming the cardiometabolic disease landscape: Multimodal AI-powered approaches in prevention and management,"Muse ED, Topol EJ.",Muse ED,Cell Metab,2024,01/03/2024,PMC10990799,NIHMS1966661,10.1016/j.cmet.2024.02.002
37099800,"Nutri-microbiome epidemiology, an emerging field to disentangle the interplay between nutrition and microbiome for human health","Gou W, Miao Z, Deng K, Zheng JS.",Gou W,Protein Cell,2023,26/04/2023,PMC10636640,,10.1093/procel/pwad023
33259618,Use of plasma-free amino acids as biomarkers for detecting and predicting disease risk,"Nagao K, Kimura T.",Nagao K,Nutr Rev,2020,01/12/2020,,,10.1093/nutrit/nuaa086
34637492,"Diet, blood pressure, and heart disease-precision nutrition approaches to understand response to diet and predict disease risk",de Roos B.,de Roos B,Am J Clin Nutr,2021,12/10/2021,,,10.1093/ajcn/nqab313
33803588,The Influence of Plant Extracts and Phytoconstituents on Antioxidant Enzymes Activity and Gene Expression in the Prevention and Treatment of Impaired Glucose Homeostasis and Diabetes Complications,"Mihailović M, Dinić S, Arambašić Jovanović J, Uskoković A, Grdović N, Vidaković M.",Mihailović M,Antioxidants (Basel),2021,03/04/2021,PMC8003070,,10.3390/antiox10030480
34439361,Computational Approaches for Cancer-Fighting: From Gene Expression to Functional Foods,"Monticolo F, Chiusano ML.",Monticolo F,Cancers (Basel),2021,27/08/2021,PMC8393935,,10.3390/cancers13164207
38609136,THE EFFECT OF NUTRITIONAL GENOMICS ON CARDIOVASCULAR SYSTEM,"Al-Kamil R, Alkhiat T, Al-Saman H, Hussein H, Hilyail D, Shari F.",Al-Kamil R,Georgian Med News,2024,12/04/2024,,,
38377637,Wireless and battery-free wearable biosensing of riboflavin in sweat for precision nutrition,"Shi Z, Deng P, Zhou LA, Jin M, Fang F, Chen T, Liu G, Wen H, An Z, Liang H, Lu Y, Liu J, Liu Q.",Shi Z,Biosens Bioelectron,2024,20/02/2024,,,10.1016/j.bios.2024.116136
34143866,Postprandial metabolism and inflammation-a comprehensive model to advance Precision Nutrition? Lessons learned from the Personalised REsponses to DIetary Composition Trial (PREDICT study),Roche HM.,Roche HM,Am J Clin Nutr,2021,18/06/2021,PMC8408871,,10.1093/ajcn/nqab200
36528862,Characterizing nutritional phenotypes using experimental nutrigenomics: Is there nutrient-specificity to different types of dietary stress?,"Jones CLC, Shafer ABA, Frost PC.",Jones CLC,Mol Ecol,2023,18/12/2022,,,10.1111/mec.16825
32277791,"A low-cost, in silico nutritional genomics course-based undergraduate research experience applicable to multiple disciplines",Good DJ.,Good DJ,Biochem Mol Biol Educ,2020,12/04/2020,,,10.1002/bmb.21352
32663000,Precision Research on Ginger: The Type of Ginger Matters,"Sang S, Snook HD, Tareq FS, Fasina Y.",Sang S,J Agric Food Chem,2020,15/07/2020,,,10.1021/acs.jafc.0c03888
33170161,Genetic test for the prescription of diets in support of physical activity,"Naureen Z, Miggiano GAD, Aquilanti B, Velluti V, Matera G, Gagliardi L, Zulian A, Romanelli R, Bertelli M.",Naureen Z,Acta Biomed,2020,10/11/2020,PMC8023120,,10.23750/abm.v91i13-S.10584
33005759,Macronutrient modulation of mRNA and microRNA function in animals: A review,Sohel MMH.,Sohel MMH,Anim Nutr,2020,02/10/2020,PMC7503081,,10.1016/j.aninu.2020.06.002
38091344,A multi-omics approach to understand the influence of polyphenols in ovarian cancer for precision nutrition: a mini-review,"Tecchio Borsoi F, Ferreira Alves L, Neri-Numa IA, Geraldo MV, Pastore GM.",Tecchio Borsoi F,Crit Rev Food Sci Nutr,2023,13/12/2023,,,10.1080/10408398.2023.2287701
38806863,The Future of Obesity Management through Precision Nutrition: Putting the Individual at the Center,"Ulusoy-Gezer HG, Rakıcıoğlu N.",Ulusoy-Gezer HG,Curr Nutr Rep,2024,28/05/2024,,,10.1007/s13668-024-00550-y
32770212,"The ""Virtual Digital Twins"" Concept in Precision Nutrition","Gkouskou K, Vlastos I, Karkalousos P, Chaniotis D, Sanoudou D, Eliopoulos AG.",Gkouskou K,Adv Nutr,2020,10/08/2020,PMC7666894,,10.1093/advances/nmaa089
34514287,Gut Microbiota-Informed Precision Nutrition in the Generally Healthy Individual: Are We There Yet?,"Nogal B, Blumberg JB, Blander G, Jorge M.",Nogal B,Curr Dev Nutr,2021,13/09/2021,PMC8421235,,10.1093/cdn/nzab107
37583298,"Structural, rheological, and gelling characteristics of starch-based materials in context to 3D food printing applications in precision nutrition","Wu H, Sang S, Weng P, Pan D, Wu Z, Yang J, Liu L, Farag MA, Xiao J, Liu L.",Wu H,Compr Rev Food Sci Food Saf,2023,16/08/2023,,,10.1111/1541-4337.13217
36590101,Integrating nutriepigenomics in Parkinson's disease management: New promising strategy in the omics era,"Razali K, Algantri K, Loh SP, Cheng SH, Mohamed W.",Razali K,IBRO Neurosci Rep,2022,02/01/2023,PMC9795299,,10.1016/j.ibneur.2022.10.003
35691839,Comprehensive Analysis of Lipid Composition in Human Foremilk and Hindmilk,"Takumi H, Kato K, Nakanishi H, Tamura M, Ohto-N T, Nagao S, Hirose J.",Takumi H,J Oleo Sci,2022,12/06/2022,,,10.5650/jos.ess21449
35278017,A carvacrol-based product reduces Campylobacter jejuni load and alters microbiota composition in the caeca of chickens,"Allaoua M, Bonnafé E, Etienne P, Noirot V, Gabarrou JF, Castinel A, Pascal G, Darbot V, Treilhou M, Combes S.",Allaoua M,J Appl Microbiol,2022,12/03/2022,PMC9314584,,10.1111/jam.15521
38752771,Nutrition and Bone Marrow Adiposity in Relation to Bone Health,"Dzubanova M, Benova A, Ferencakova M, Coupeau R, Tencerova M.",Dzubanova M,Physiol Res,2024,16/05/2024,,,
37191059,"Quantum leap: is the conflux of artificial intelligence, personalized medicine, nutrigenetics and nutrigenomics the path to optimal health?","Asediya V, Anjaria P.",Asediya V,Epigenomics,2023,16/05/2023,,,10.2217/epi-2023-0084
35133187,Stratification of the Gut Microbiota Composition Landscape across the Alzheimer's Disease Continuum in a Turkish Cohort,"Yıldırım S, Nalbantoğlu ÖU, Bayraktar A, Ercan FB, Gündoğdu A, Velioğlu HA, Göl MF, Soylu AE, Koç F, Gülpınar EA, Kadak KS, Arıkan M, Mardinoğlu A, Koçak M, Köseoğlu E, Hanoğlu L.",Yıldırım S,mSystems,2022,08/02/2022,PMC8823292,,10.1128/msystems.00004-22
34305838,The Effect of Radiation on the Gut Bacteriome of Aedes albopictus,"Zhang D, Chen S, Abd-Alla AMM, Bourtzis K.",Zhang D,Front Microbiol,2021,26/07/2021,PMC8299835,,10.3389/fmicb.2021.671699
37559959,"One size does not fit all: on the need for categorical stratification in nutrition science, practice and policy",Kohlmeier M.,Kohlmeier M,BMJ Nutr Prev Health,2023,10/08/2023,PMC10407395,,10.1136/bmjnph-2022-000603
34836203,A Multidisciplinary Perspective of Ultra-Processed Foods and Associated Food Processing Technologies: A View of the Sustainable Road Ahead,"Capozzi F, Magkos F, Fava F, Milani GP, Agostoni C, Astrup A, Saguy IS.",Capozzi F,Nutrients,2021,27/11/2021,PMC8619086,,10.3390/nu13113948
36904081,To Fiber or Not to Fiber: The Swinging Pendulum of Fiber Supplementation in Patients with Inflammatory Bowel Disease,"Haskey N, Gold SL, Faith JJ, Raman M.",Haskey N,Nutrients,2023,11/03/2023,PMC10005525,,10.3390/nu15051080
36061898,Gut microbiota and host genetics modulate the effect of diverse diet patterns on metabolic health,"Huda MN, Salvador AC, Barrington WT, Gacasan CA, D'Souza EM, Deus Ramirez L, Threadgill DW, Bennett BJ.",Huda MN,Front Nutr,2022,05/09/2022,PMC9434023,,10.3389/fnut.2022.896348
37795930,"16S rRNA gene-based meta-analysis of the reptile gut microbiota reveals environmental effects, host influences and a limited core microbiota","Hoffbeck C, Middleton DMRL, Nelson NJ, Taylor MW.",Hoffbeck C,Mol Ecol,2023,05/10/2023,,,10.1111/mec.17153
38722240,"Digital applications for diet monitoring, planning, and precision nutrition for citizens and professionals: a state of the art","Abeltino A, Riente A, Bianchetti G, Serantoni C, De Spirito M, Capezzone S, Esposito R, Maulucci G.",Abeltino A,Nutr Rev,2024,09/05/2024,,,10.1093/nutrit/nuae035
34998100,Utilizing the underutilized plant resources for development of life style foods: Putting nutrigenomics to use,"Mir RA, Nazir M, Sabreena, Naik S, Mukhtar S, Ganai BA, Zargar SM.",Mir RA,Plant Physiol Biochem,2022,08/01/2022,,,10.1016/j.plaphy.2021.12.038
37160967,"Associations of SGLT2 genetic polymorphisms with salt sensitivity, blood pressure changes and hypertension incidence in Chinese adults","Jia H, Bao P, Yao S, Zhang X, Mu JJ, Hu GL, Du MF, Chu C, Zhang XY, Wang L, Liao YY, Wang D, Ma Q, Yan Y, Niu ZJ, Gao WH, Li H, Wu GJ, Chang J, Wang Y.",Jia H,Hypertens Res,2023,10/05/2023,,,10.1038/s41440-023-01301-2
33635607,The expectations and realities of nutrigenomic testing in australia: A qualitative study,"Tutty E, Hickerton C, Terrill B, McClaren B, Tytherleigh R, Stackpoole E, Savard J, Newson A, Middleton A, Nisselle A, Cusack M, Adamski M, Gaff C, Metcalfe S.",Tutty E,Health Expect,2021,26/02/2021,PMC8077070,,10.1111/hex.13216
35717467,Dynamic metabolic interactions and trophic roles of human gut microbes identified using a minimal microbiome exhibiting ecological properties,"Shetty SA, Kostopoulos I, Geerlings SY, Smidt H, de Vos WM, Belzer C.",Shetty SA,ISME J,2022,18/06/2022,PMC9381525,,10.1038/s41396-022-01255-2
35298100,[The role of nutrigenetics and nutrigenomics in the prophylaxis of chronic non-communicable diseases],"Mazilov SI, Mikerov AN, Komleva NE, Zaikina IV.",Mazilov SI,Vopr Pitan,2021,17/03/2022,,,10.33029/0042-8833-2022-91-1-9-18
37674889,A study protocol for a pilot randomized controlled trial to evaluate the effectiveness of a gene-based nutrition and lifestyle recommendation for weight management among adults: the MyGeneMyDiet(®) study,"Nacis JS, Labrador JPH, Ronquillo DGD, Rodriguez MP, Dablo AMFD, Frane RD, Madrid ML, Santos NLC, Carrillo JJV, Fernandez MG, Gonzales GBL.",Nacis JS,Front Nutr,2023,07/09/2023,PMC10477364,,10.3389/fnut.2023.1238234
37948286,A Randomized Controlled Trial of Precision Nutrition Counseling for Service Members at Risk for Metabolic Syndrome,"McCarthy MS, Colburn ZT, Yeung KY, Gillette LH, Hung LH, Elshaw E.",McCarthy MS,Mil Med,2023,10/11/2023,,,10.1093/milmed/usad276
37034622,Gut microbial features and dietary fiber intake predict gut microbiota response to resistant starch supplementation,"Devarakonda SLS, Superdock DK, Ren J, Johnson LM, Loinard-Gonz Lez AAP, Poole AC.",Devarakonda SLS,medRxiv,2023,10/04/2023,PMC10081390,,10.1101/2023.03.24.23287665
33843022,Nutrigenomics reveals potential genetic underpinning of diverse taste preference of Chinese men,"Zhu Z, Mei J, Sun S, Lu S, Li M, Guan Y, Chen Y, Xu Y, Zhang T, Shi F, Li X, Miao M, Zhao S, Gao Q, Mi Q, Tang P, Yao J.",Zhu Z,Genes Genomics,2021,12/04/2021,,,10.1007/s13258-021-01079-y
37764715,Unraveling the Gut Microbiome-Diet Connection: Exploring the Impact of Digital Precision and Personalized Nutrition on Microbiota Composition and Host Physiology,"Bianchetti G, De Maio F, Abeltino A, Serantoni C, Riente A, Santarelli G, Sanguinetti M, Delogu G, Martinoli R, Barbaresi S, Spirito M, Maulucci G.",Bianchetti G,Nutrients,2023,28/09/2023,PMC10537332,,10.3390/nu15183931
38411962,Genome-Wide Interaction Study of Dietary Intake and Colorectal Cancer Risk in the UK Biobank,"Hoang T, Cho S, Choi JY, Kang D, Shin A.",Hoang T,JAMA Netw Open,2024,27/02/2024,PMC10900970,,10.1001/jamanetworkopen.2024.0465
37137614,First things first-addressing frank nutrient deficiencies must remain a priority in the age of precision nutrition,"Shane B, Stover PJ.",Shane B,Am J Clin Nutr,2023,03/05/2023,,,10.1016/j.ajcnut.2023.03.008
38337712,Proteomic and Metabolomic Signatures of Diet Quality in Young Adults,"Costello E, Goodrich JA, Patterson WB, Walker DI, Chen JC, Baumert BO, Rock S, Gilliland FD, Goran MI, Chen Z, Alderete TL, Conti DV, Chatzi L.",Costello E,Nutrients,2024,10/02/2024,PMC10857402,,10.3390/nu16030429
36368787,The Role of the Human Gutome on Chronic Disease: A Review of the Microbiome and Nutrigenomics,"Hoefer CC, Hollon LK, Campbell JA.",Hoefer CC,Clin Lab Med,2022,11/11/2022,,,10.1016/j.cll.2022.09.015
32962632,Predictors of stakeholders' intention to adopt nutrigenomics,"Mustapa MAC, Amin L, Frewer LJ.",Mustapa MAC,Genes Nutr,2020,23/09/2020,PMC7509940,,10.1186/s12263-020-00676-y
33849843,Leveraging Genomic Associations in Precision Digital Care for Weight Loss: Cohort Study,"Sinha R, Kachru D, Ricchetti RR, Singh-Rambiritch S, Muthukumar KM, Singaravel V, Irudayanathan C, Reddy-Sinha C, Junaid I, Sharma G, Francis-Lyon PA.",Sinha R,J Med Internet Res,2021,14/04/2021,PMC8173391,,10.2196/25401
34836332,Impact of Genetic Polymorphism on Response to Therapy in Non-Alcoholic Fatty Liver Disease,"Martínez-Montoro JI, Cornejo-Pareja I, Gómez-Pérez AM, Tinahones FJ.",Martínez-Montoro JI,Nutrients,2021,27/11/2021,PMC8625016,,10.3390/nu13114077
38442341,Understanding and applying gene-environment interactions: a guide for nutrition professionals with an emphasis on integration in African research settings,Nienaber-Rousseau C.,Nienaber-Rousseau C,Nutr Rev,2024,05/03/2024,,,10.1093/nutrit/nuae015
36049454,"XXXI Congress of the Spanish Nutrition Society (SEÑ) Cartagena (Spain), 15th to 17th September 2022. Topic: Personalized Nutrition and Health",Larqué E.,Larqué E,Ann Nutr Metab,2022,01/09/2022,,,10.1159/000526374
34883113,Therapeutic approaches to preserve the musculature in Duchenne Muscular Dystrophy: The importance of the secondary therapies,"Angelini G, Mura G, Messina G.",Angelini G,Exp Cell Res,2022,09/12/2021,,,10.1016/j.yexcr.2021.112968
36634658,#NAME?,"Baik M, Lee J, Kim SY, Ranaweera KKTN.",Baik M,Anim Biosci,2023,12/01/2023,PMC9899583,,10.5713/ab.22.0380
38956322,Towards nutrition with precision: unlocking biomarkers as dietary assessment tools,"Cuparencu C, Bulmuş-Tüccar T, Stanstrup J, La Barbera G, Roager HM, Dragsted LO.",Cuparencu C,Nat Metab,2024,02/07/2024,,,10.1038/s42255-024-01067-y
35945490,Altered macronutrient composition and genetics influence the complex transcriptional network associated with adiposity in the Collaborative Cross,"Yam P, VerHague M, Albright J, Gertz E, Pardo-Manuel de Villena F, Bennett BJ.",Yam P,Genes Nutr,2022,09/08/2022,PMC9364539,,10.1186/s12263-022-00714-x
32994764,"Pathogenesis of psoriasis in the ""omic"" era. Part III. Metabolic disorders, metabolomics, nutrigenomics in psoriasis","Owczarczyk-Saczonek A, Purzycka-Bohdan D, Nedoszytko B, Reich A, Szczerkowska-Dobosz A, Bartosiñska J, Batycka-Baran A, Czajkowski R, Dobrucki IT, Dobrucki LW, Górecka-Sokołowska M, Janaszak-Jasiecka A, Kalinowski L, Krasowska D, Radulska A, Reszka E, Samotij D, Słominski A, Słominski R, Sobalska-Kwapis M, Stawczyk-Macieja M, Strapagiel D, Szczêch J, Żmijewski M, Nowicki RJ.",Owczarczyk-Saczonek A,Postepy Dermatol Alergol,2020,30/09/2020,PMC7507147,,10.5114/ada.2020.98284
37466954,Very low-calorie ketogenic diet: A valuable and fashionable nutritional therapy. When could it become dangerous?,"Gorini S, Armani A, Caprio M.",Gorini S,Diabetes Metab Res Rev,2023,19/07/2023,,,10.1002/dmrr.3698
36245507,Editorial: Molecular nutrition as preventive tool in non-communicable diseases: Mechanistic insights and risk biomarkers,"Sergi D, Bordoni L.",Sergi D,Front Nutr,2022,17/10/2022,PMC9558724,,10.3389/fnut.2022.1005397
38674256,Nutritional and Lifestyle Features in a Mediterranean Cohort: An Epidemiological Instrument for Categorizing Metabotypes Based on a Computational Algorithm,"García-Perea A, Fernández-Cruz E, de la O-Pascual V, Gonzalez-Zorzano E, Moreno-Aliaga MJ, Tur JA, Martinez JA.",García-Perea A,Medicina (Kaunas),2024,27/04/2024,PMC11051796,,10.3390/medicina60040610
34776010,Type 2 diabetes reversal with digital twin technology-enabled precision nutrition and staging of reversal: a retrospective cohort study,"Shamanna P, Joshi S, Shah L, Dharmalingam M, Saboo B, Mohammed J, Mohamed M, Poon T, Kleinman N, Thajudeen M, Keshavamurthy A.",Shamanna P,Clin Diabetes Endocrinol,2021,15/11/2021,PMC8591797,,10.1186/s40842-021-00134-7
31812790,"A review on fish immuno-nutritional response to indispensable amino acids in relation to TOR, NF-κB and Nrf2 signaling pathways: Trends and prospects",Habte-Tsion HM.,Habte-Tsion HM,Comp Biochem Physiol B Biochem Mol Biol,2020,09/12/2019,,,10.1016/j.cbpb.2019.110389
31855126,Toward the Definition of Personalized Nutrition: A Proposal by The American Nutrition Association,"Bush CL, Blumberg JB, El-Sohemy A, Minich DM, Ordovás JM, Reed DG, Behm VAY.",Bush CL,J Am Coll Nutr,2020,20/12/2019,,,10.1080/07315724.2019.1685332
33063454,Multi-Tissue Multi-Omics Nutrigenomics Indicates Context-Specific Effects of Docosahexaenoic Acid on Rat Brain,"Zhang G, Meng Q, Blencowe M, Agrawal R, Gomez-Pinilla F, Yang X.",Zhang G,Mol Nutr Food Res,2020,16/10/2020,PMC8046846,NIHMS1654464,10.1002/mnfr.202000788
38852397,AI nutritionist: Intelligent software as the next generation pioneer of precision nutrition,"Liang Y, Xiao R, Huang F, Lin Q, Guo J, Zeng W, Dong J.",Liang Y,Comput Biol Med,2024,09/06/2024,,,10.1016/j.compbiomed.2024.108711
38873568,Unveiling the dynamics of gut microbial interactions: a review of dietary impact and precision nutrition in gastrointestinal health,"Shang Z, Pai L, Patil S.",Shang Z,Front Nutr,2024,14/06/2024,PMC11169903,,10.3389/fnut.2024.1395664
36446139,Predicting Personalized Responses to Dietary Fiber Interventions: Opportunities for Modulation of the Gut Microbiome to Improve Health,"Kok CR, Rose D, Hutkins R.",Kok CR,Annu Rev Food Sci Technol,2023,29/11/2022,,,10.1146/annurev-food-060721-015516
37352717,"High-throughput multitarget quantitative assay to profile the whole grain-specific phytochemicals alkylresorcinols, benzoxazinoids and avenanthramides in whole grain and grain-based foods","Yang Y, Zhou Y, Lyu Y, Shao B, Xu Y.",Yang Y,Food Chem,2023,23/06/2023,,,10.1016/j.foodchem.2023.136663
35174475,The Niche of n-of-1 Trials in Precision Medicine for Weight Loss and Obesity Treatment: Back to the Future,"Grammatikopoulou MG, Gkouskou KK, Gkiouras K, Bogdanos DP, Eliopoulos AG, Goulis DG.",Grammatikopoulou MG,Curr Nutr Rep,2022,17/02/2022,,,10.1007/s13668-022-00404-5
32935529,"Change in Weight, BMI, and Body Composition in a Population-Based Intervention Versus Genetic-Based Intervention: The NOW Trial","Horne JR, Gilliland JA, O'Connor CP, Seabrook JA, Madill J.",Horne JR,Obesity (Silver Spring),2020,16/09/2020,,,10.1002/oby.22880
35903357,Landscape of Variability in Chemosensory Genes Associated With Dietary Preferences in Indian Population: Analysis of 1029 Indian Genomes,"Prakrithi P, Jha P, Jaiswal J, Sharma D, Bhoyar RC, Jain A, Imran M, Senthilvel V, Divakar MK, Mishra A, Scaria V, Sivasubbu S, Mukerji M.",Prakrithi P,Front Genet,2022,29/07/2022,PMC9315315,,10.3389/fgene.2022.878134
32973753,Requisite Omega-3 HUFA Biomarker Thresholds for Preventing Murine Lupus Flaring,"Wierenga KA, Strakovsky RS, Benninghoff AD, Rajasinghe LD, Lock AL, Harkema JR, Pestka JJ.",Wierenga KA,Front Immunol,2020,25/09/2020,PMC7473030,,10.3389/fimmu.2020.01796
38519198,"Optimizing ARA and DHA in infant formula: A systematic review of global trends, regional disparities, and considerations for precision nutrition","Ni X, Zhang Z, Deng Z, Li J.",Ni X,Food Res Int,2024,22/03/2024,,,10.1016/j.foodres.2024.114049
35102369,Diverging metabolic effects of 2 energy-restricted diets differing in nutrient quality: a 12-week randomized controlled trial in subjects with abdominal obesity,"Schutte S, Esser D, Siebelink E, Michielsen CJR, Daanje M, Matualatupauw JC, Boshuizen HC, Mensink M, Afman LA; Wageningen Belly Fat Study team.",Schutte S,Am J Clin Nutr,2022,01/02/2022,PMC9257474,,10.1093/ajcn/nqac025
37339607,Heuristic Approach Uncovering Biological Significance of Gene-Lifestyle Interactions in Cardiometabolic Traits,"San-Cristobal R, de Toro-Martín J, Vohl MC.",San-Cristobal R,Lifestyle Genom,2023,20/06/2023,,,10.1159/000531181
34201139,"A Comprehensive Review of Almond Clinical Trials on Weight Measures, Metabolic Health Biomarkers and Outcomes, and the Gut Microbiota",Dreher ML.,Dreher ML,Nutrients,2021,02/07/2021,PMC8229803,,10.3390/nu13061968
37485522,Effects of grain-based diets on the rumen and fecal bacterial communities of the North American bison (Bison bison),"Fresno Rueda A, Griffith JE, Kruse C, St-Pierre B.",Fresno Rueda A,Front Microbiol,2023,24/07/2023,PMC10359189,,10.3389/fmicb.2023.1163423
35146405,Cinnamomum verum-derived bioactives-functionalized gold nanoparticles for prevention of obesity through gut microbiota reshaping,"Sharma VK, Prateeksha, Gupta SC, Singh BN, Rao CV, Barik SK.",Sharma VK,Mater Today Bio,2022,11/02/2022,PMC8818573,,10.1016/j.mtbio.2022.100204
33794384,"Polyunsaturated fatty acids, specialized pro-resolving mediators, and targeting inflammation resolution in the age of precision nutrition","Al-Shaer AE, Buddenbaum N, Shaikh SR.",Al-Shaer AE,Biochim Biophys Acta Mol Cell Biol Lipids,2021,01/04/2021,PMC8496879,NIHMS1688370,10.1016/j.bbalip.2021.158936
38871036,A comprehensive review of the applications of RNA sequencing in celiac disease research,"Shoaran M, Sabaie H, Mostafavi M, Rezazadeh M.",Shoaran M,Gene,2024,13/06/2024,,,10.1016/j.gene.2024.148681
35970928,A wearable electrochemical biosensor for the monitoring of metabolites and nutrients,"Wang M, Yang Y, Min J, Song Y, Tu J, Mukasa D, Ye C, Xu C, Heflin N, McCune JS, Hsiai TK, Li Z, Gao W.",Wang M,Nat Biomed Eng,2022,15/08/2022,PMC10432133,NIHMS1921916,10.1038/s41551-022-00916-z
38728013,Conjugated linoleic acid metabolite impact in colorectal cancer: a potential microbiome-based precision nutrition approach,"González A, Fullaondo A, Rodríguez J, Tirnauca C, Odriozola I, Odriozola A.",González A,Nutr Rev,2024,10/05/2024,,,10.1093/nutrit/nuae046
36193535,Wheat germ oil vitamin E cytoprotective effect and its nutrigenomics signature in human hepatocyte lipotoxicity,"Bartolini D, Marinelli R, Stabile AM, Frammartino T, Guerrini A, Garetto S, Lucci J, Migni A, Zatini L, Marcantonini G, Rende M, Galli F.",Bartolini D,Heliyon,2022,04/10/2022,PMC9525900,,10.1016/j.heliyon.2022.e10748
36768394,Trimethylamine N-Oxide Response to a Mixed Macronutrient Tolerance Test in a Cohort of Healthy United States Adults,"James KL, Gertz ER, Kirschke CP, Allayee H, Huang L, Kable ME, Newman JW, Stephensen CB, Bennett BJ.",James KL,Int J Mol Sci,2023,11/02/2023,PMC9917175,,10.3390/ijms24032074
35776947,"Perspective: Leveraging the Gut Microbiota to Predict Personalized Responses to Dietary, Prebiotic, and Probiotic Interventions","Gibbons SM, Gurry T, Lampe JW, Chakrabarti A, Dam V, Everard A, Goas A, Gross G, Kleerebezem M, Lane J, Maukonen J, Penna ALB, Pot B, Valdes AM, Walton G, Weiss A, Zanzer YC, Venlet NV, Miani M.",Gibbons SM,Adv Nutr,2022,01/07/2022,PMC9526856,,10.1093/advances/nmac075
37236731,In vitro digestion models for the design of safe and nutritious foods,Lesmes U.,Lesmes U,Adv Food Nutr Res,2023,26/05/2023,,,10.1016/bs.afnr.2022.10.006
32089555,[Precision nutrition: handle with care.],Collecchia G.,Collecchia G,Recenti Prog Med,2020,25/02/2020,,,10.1701/3309.32796
35979501,Longitudinal Reduction in Diversity of Maternal Gut Microbiota During Pregnancy Is Observed in Multiple Low-Resource Settings: Results From the Women First Trial,"Tang M, Weaver NE, Frank DN, Ir D, Robertson CE, Kemp JF, Westcott J, Shankar K, Garces AL, Figueroa L, Tshefu AK, Lokangaka AL, Goudar SS, Somannavar M, Aziz S, Saleem S, McClure EM, Hambidge KM, Hendricks AE, Krebs NF.",Tang M,Front Microbiol,2022,18/08/2022,PMC9376441,,10.3389/fmicb.2022.823757
35839545,"A double-blinded, randomized, parallel intervention to evaluate biomarker-based nutrition plans for weight loss: The PREVENTOMICS study","Aldubayan MA, Pigsborg K, Gormsen SMO, Serra F, Palou M, Galmés S, Palou-March A, Favari C, Wetzels M, Calleja A, Rodríguez Gómez MA, Castellnou MG, Caimari A, Galofré M, Suñol D, Escoté X, Alcaide-Hidalgo JM, M Del Bas J, Gutierrez B, Krarup T, Hjorth MF, Magkos F.",Aldubayan MA,Clin Nutr,2022,15/07/2022,,,10.1016/j.clnu.2022.06.032
35294009,Sex Differences Across the Life Course: A Focus On Unique Nutritional and Health Considerations among Women,"Bailey RL, Dog TL, Smith-Ryan AE, Das SK, Baker FC, Madak-Erdogan Z, Hammond BR, Sesso HD, Eapen A, Mitmesser SH, Wong A, Nguyen H.",Bailey RL,J Nutr,2022,16/03/2022,PMC9258555,,10.1093/jn/nxac059
33522396,High-throughput LC-MS method to investigate postprandial lipemia: considerations for future precision nutrition research,"Mucinski JM, Vena JE, Ramos-Roman MA, Lassman ME, Szuszkiewicz-Garcia M, McLaren DG, Previs SF, Shankar SS, Parks EJ.",Mucinski JM,Am J Physiol Endocrinol Metab,2021,01/02/2021,,,10.1152/ajpendo.00526.2020
34121882,"Growth performance, intestinal histomorphology, gut microflora and ghrelin gene expression analysis of broiler by supplementing natural growth promoters: A nutrigenomics approach","Gilani SMH, Rashid Z, Galani S, Ilyas S, Sahar S, Zahoor-Ul-Hassan, Al-Ghanim K, Zehra S, Azhar A, Al-Misned F, Ahmed Z, Al-Mulham N, Mahboob S.",Gilani SMH,Saudi J Biol Sci,2021,14/06/2021,PMC8176037,,10.1016/j.sjbs.2021.03.008
34680017,Prandial Correlations and Structure of the Ingestive Behavior of Pigs in Precision Feeding Programs,"Gomes BCK, Andretta I, Valk M, Pomar C, Hauschild L, Fraga AZ, Kipper M, Trevizan L, Remus A.",Gomes BCK,Animals (Basel),2021,23/10/2021,PMC8532788,,10.3390/ani11102998
33212825,Saponin-Rich Extracts and Their Acid Hydrolysates Differentially Target Colorectal Cancer Metabolism in the Frame of Precision Nutrition,"Gómez de Cedrón M, Navarro Del Hierro J, Reguero M, Wagner S, Bouzas A, Quijada-Freire A, Reglero G, Martín D, Ramírez de Molina A.",Gómez de Cedrón M,Cancers (Basel),2020,20/11/2020,PMC7698026,,10.3390/cancers12113399
32365576,Deciphering the Role of Polyphenols in Sports Performance: From Nutritional Genomics to the Gut Microbiota toward Phytonutritional Epigenomics,"Sorrenti V, Fortinguerra S, Caudullo G, Buriani A.",Sorrenti V,Nutrients,2020,06/05/2020,PMC7281972,,10.3390/nu12051265
38140282,A Predictive Tool Based on DNA Methylation Data for Personalized Weight Loss through Different Dietary Strategies: A Pilot Study,"García-Álvarez NC, Riezu-Boj JI, Martínez JA, García-Calzón S, Milagro FI.",García-Álvarez NC,Nutrients,2023,23/12/2023,PMC10746100,,10.3390/nu15245023
37803581,Strategies to fortify the nutritional values of polished rice by implanting selective traits from brown rice: A nutrigenomics-based approach,"Maiti S, Banik A.",Maiti S,Food Res Int,2023,07/10/2023,,,10.1016/j.foodres.2023.113271
31829802,"Alzheimer's Disease and Parkinson's Disease: A Nutritional Toxicology Perspective of the Impact of Oxidative Stress, Mitochondrial Dysfunction, Nutrigenomics and Environmental Chemicals","Agnihotri A, Aruoma OI.",Agnihotri A,J Am Coll Nutr,2020,13/12/2019,,,10.1080/07315724.2019.1683379
35084446,Perspective: Novel Approaches to Evaluate Dietary Quality: Combining Methods to Enhance Measurement for Dietary Surveillance and Interventions,"Vadiveloo MK, Juul F, Sotos-Prieto M, Parekh N.",Vadiveloo MK,Adv Nutr,2022,27/01/2022,PMC9340961,,10.1093/advances/nmac007
38810602,Genetic Influence on Capsaicin Tolerance: Precision Nutrition Implications for Obesity Handling,"Ramos-Lopez O, Martinez-Aceviz Y, Sobrevilla-Navarro AA, Chavez-Mendez JR.",Ramos-Lopez O,Lifestyle Genom,2024,29/05/2024,,,10.1159/000539293
33235971,Enhanced long-term dietary change and adherence in a nutrigenomics-guided lifestyle intervention compared to a population-based (GLB/DPP) lifestyle intervention for weight management: results from the NOW randomised controlled trial,"Horne J, Gilliland J, O'Connor C, Seabrook J, Madill J.",Horne J,BMJ Nutr Prev Health,2020,25/11/2020,PMC7664486,,10.1136/bmjnph-2020-000073
34289812,Genetic basis of maize kernel oil-related traits revealed by high-density SNP markers in a recombinant inbred line population,"Fang H, Fu X, Ge H, Zhang A, Shan T, Wang Y, Li P, Wang B.",Fang H,BMC Plant Biol,2021,22/07/2021,PMC8293480,,10.1186/s12870-021-03089-0
36797271,"Full-length transcriptome from different life stages of cobia (Rachycentron canadum, Rachycentridae)","Ebeneezar S, Krupesha Sharma SR, Vijayagopal P, Sebastian W, Sajina KA, Tamilmani G, Sakthivel M, Rameshkumar P, Anikuttan KK, Varghese E, Linga Prabu D, Jeena NS, Sumithra TG, Gayathri S, Iyyapparaja Narasimapallavan G, Gopalakrishnan A.",Ebeneezar S,Sci Data,2023,16/02/2023,PMC9935508,,10.1038/s41597-022-01907-0
32886125,Distinct Effects of Milk-Derived and Fermented Dairy Protein on Gut Microbiota and Cardiometabolic Markers in Diet-Induced Obese Mice,"Perazza LR, Daniel N, Dubois MJ, Pilon G, Varin TV, Blais M, Martinez Gonzales JL, Bouchard M, Asselin C, Lessard M, Pouliot Y, Roy D, Marette A.",Perazza LR,J Nutr,2020,05/09/2020,PMC7549311,,10.1093/jn/nxaa217
37597366,Transcriptome-based nutrigenomics analysis reveals the roles of dietary taurine in the muscle growth of juvenile turbot (Scophthalmus maximus),"Hays H, Gu Z, Mai K, Zhang W.",Hays H,Comp Biochem Physiol Part D Genomics Proteomics,2023,19/08/2023,,,10.1016/j.cbd.2023.101120
36993761,Predicting metabolic response to dietary intervention using deep learning,"Wang T, Holscher HD, Maslov S, Hu FB, Weiss ST, Liu YY.",Wang T,bioRxiv,2023,30/03/2023,PMC10054958,,10.1101/2023.03.14.532589
38124541,The Plant Genome special section: Grain quality and nutritional genomics for breeding next-generation crops,"Pandey MK, Mir RR, Sreenivasulu N.",Pandey MK,Plant Genome,2023,21/12/2023,,,10.1002/tpg2.20396
35538630,"Effects of Nigella sativa supplementation on blood concentration and mRNA expression of TNF-α, PPAR-γ and adiponectin, as major adipogenesis-related markers, in obese and overweight women: a crossover, randomised-controlled trial","Razmpoosh E, Safi S, Nadjarzadeh A, Salehi-Abargouei A, Mazaheri M, Mirmiran P, Meyre D.",Razmpoosh E,Br J Nutr,2022,11/05/2022,,,10.1017/S0007114522001428
36035184,Genetic association-based functional analysis detects HOGA1 as a potential gene involved in fat accumulation,"Kim M, Park KW, Ahn Y, Lim EB, Kwak SH, Randy A, Song NJ, Park KS, Nho CW, Cho YS.",Kim M,Front Genet,2022,29/08/2022,PMC9412052,,10.3389/fgene.2022.951025
34109451,Consuming Different Structural Parts of Bamboo Induce Gut Microbiome Changes in Captive Giant Pandas,"Yan Z, Xu Q, Hsu WH, Esser SS, Ayala J, Hou R, Yao Y, Jiang D, Yuan S, Wang H.",Yan Z,Curr Microbiol,2021,10/06/2021,PMC8289812,,10.1007/s00284-021-02503-y
38674867,The Power of Vitamin D: Is the Future in Precision Nutrition through Personalized Supplementation Plans?,"Mavar M, Sorić T, Bagarić E, Sarić A, Matek Sarić M.",Mavar M,Nutrients,2024,27/04/2024,PMC11054101,,10.3390/nu16081176
38355200,Should carbohydrate-modified diets be the first option for weight loss in people with impaired glucose metabolism? A scoping review,"Ellison KM, Wyatt HR, Hill JO, Sayer RD.",Ellison KM,Obes Rev,2024,14/02/2024,,,10.1111/obr.13706
35728999,Mechanistic insights into dietary (poly)phenols and vascular dysfunction-related diseases using multi-omics and integrative approaches: Machine learning as a next challenge in nutrition research,"Milenkovic D, Ruskovska T.",Milenkovic D,Mol Aspects Med,2023,21/06/2022,,,10.1016/j.mam.2022.101101
38920291,"Focusing on New Discoveries in Food Technology and Creating a New Future of Nutrition and Health: An Introduction to the 4(th) International Symposium of Food Science, Nutrition and Health in Dalian, China","Tan M, Han J, Zhang Y, Chen S, Chen F, Yu LL, Zhu BW.",Tan M,J Agric Food Chem,2024,26/06/2024,,,10.1021/acs.jafc.4c03711
34277687,"The PERSonalized Glucose Optimization Through Nutritional Intervention (PERSON) Study: Rationale, Design and Preliminary Screening Results","Gijbels A, Trouwborst I, Jardon KM, Hul GB, Siebelink E, Bowser SM, Yildiz D, Wanders L, Erdos B, Thijssen DHJ, Feskens EJM, Goossens GH, Afman LA, Blaak EE.",Gijbels A,Front Nutr,2021,19/07/2021,PMC8278004,,10.3389/fnut.2021.694568
32762606,What Differentiates Probiotic from Pathogenic Bacteria? The Genetic Mobility of Enterococcus faecium Offers New Molecular Insights,"Santos DDS, Calaça PRA, Porto ALF, de Souza PRE, de Freitas NSA, Cavalcanti Vieira Soares MT.",Santos DDS,OMICS,2020,09/08/2020,,,10.1089/omi.2020.0078
36386924,Models predict change in plasma triglyceride concentrations and long-chain n-3 polyunsaturated fatty acid proportions in healthy participants after fish oil intervention,"Potter TIT, Horgan GW, Wanders AJ, Zandstra EH, Zock PL, Fisk HL, Minihane AM, Calder PC, Mathers JC, de Roos B.",Potter TIT,Front Nutr,2022,17/11/2022,PMC9641003,,10.3389/fnut.2022.989716
36364864,Safety and Efficacy of Dietary Epigallocatechin Gallate Supplementation in Attenuating Hypertension via Its Modulatory Activities on the Intrarenal Renin-Angiotensin System in Spontaneously Hypertensive Rats,"Parn KW, Ling WC, Chin JH, Lee SK.",Parn KW,Nutrients,2022,11/11/2022,PMC9654342,,10.3390/nu14214605
36860978,"The Importance of Fatty Acid Precision Nutrition: Effects of Dietary Fatty Acid Composition on Growth, Hepatic Metabolite, and Intestinal Microbiota in Marine Teleost Trachinotus ovatus","Zhang G, Ning L, Jiang K, Zheng J, Guan J, Li H, Ma Y, Wu K, Xu C, Xie D, Chen F, Wang S, Li Y.",Zhang G,Aquac Nutr,2023,02/03/2023,PMC9973126,,10.1155/2023/2556799
33542117,NIH's 'precision nutrition' bet aims for individualized diets,Kaiser J.,Kaiser J,Science,2021,05/02/2021,,,10.1126/science.371.6529.552
37102510,Indian food habit & food ingredients may have a role in lowering the severity & high death rate from COVID-19 in Indians: findings from the first nutrigenomic analysis,"Barh D, Aburjaile FF, Tavares TS, da Silva ME, Mattos Bretz GP, Martins Rocha IF, Dey A, de Souza RP, Góes-Neto A, Ribeiro SP, Alzahrani KJ, Alghamdi AA, Alzahrani FM, Halawani IF, Tiwari S, A Aljabali AA, Lundstrom K, Azevedo V, Ganguly NK.",Barh D,Indian J Med Res,2023,27/04/2023,PMC10438415,,10.4103/ijmr.ijmr_1701_22
34355006,"Apolipoprotein E Genotype, Meat, Fish, and Egg Intake in Relation to Mortality Among Older Adults: A Longitudinal Analysis in China","Jin X, Xiong S, Yuan C, Gong E, Zhang X, Yao Y, Leng Y, Niu Z, Zeng Y, Yan LL.",Jin X,Front Med (Lausanne),2021,06/08/2021,PMC8329349,,10.3389/fmed.2021.697389
33352081,The complexity of co-limitation: nutrigenomics reveal non-additive interactions of calcium and phosphorus on gene expression in Daphnia pulex,"Jones CLC, Shafer ABA, Kim WD, Prater C, Wagner ND, Frost PC.",Jones CLC,Proc Biol Sci,2020,22/12/2020,PMC7779493,,10.1098/rspb.2020.2302
36364869,Do You Have Problems When Reproducing Bioactivities of Food or Food Components? The Importance of Biological Rhythms,"Arola-Arnal A, Suárez M.",Arola-Arnal A,Nutrients,2022,11/11/2022,PMC9656374,,10.3390/nu14214607
31362802,Sex matters: a focus on the impact of biological sex on metabolomic profiles and dietary interventions,"Brennan L, Gibbons H.",Brennan L,Proc Nutr Soc,2020,01/08/2019,,,10.1017/S002966511900106X
38213134,Self-Assembled Oligopeptoplex-Loaded Dissolving Microneedles for Adipocyte-Targeted Anti-Obesity Gene Therapy,"Choi H, Hong J, Seo Y, Joo SH, Lim H, Lahiji SF, Kim YH.",Choi H,Adv Mater,2024,12/01/2024,,,10.1002/adma.202309920
38374554,"Precision nutrition in pediatric IBD: A position paper from the ESPGHAN special interest group for basic science and translational research, the IBD Porto group, and allied health professionals","Gerasimidis K, Russell RK, Giachero F, Gkikas K, Tel B, Assa A, Bronsky J, de Ridder L, Hojsak I, Jenke A, Norsa L, Sigall-Boneh R, Sila S, Wine E, Zilbauer M, Strisciuglio C, Gasparetto M; ESPGHAN Special Interest Group in Basic and Translational Research; the ESPGHAN IBD Porto Working Group; the ESPGHAN Allied Health Professionals.",Gerasimidis K,J Pediatr Gastroenterol Nutr,2024,20/02/2024,,,10.1002/jpn3.12096
33499975,"Breeding farm, level of feeding and presence of antibiotics in the feed influence rabbit cecal microbiota","Velasco-Galilea M, Guivernau M, Piles M, Viñas M, Rafel O, Sánchez A, Ramayo-Caldas Y, González-Rodríguez O, Sánchez JP.",Velasco-Galilea M,Anim Microbiome,2020,27/01/2021,PMC7807820,,10.1186/s42523-020-00059-z
34453774,Precision nutrition for gut microbiome and diabetes research: Application of nutritional n-of-1 clinical trials,"Zheng JS, Ordovás JM.",Zheng JS,J Diabetes,2021,28/08/2021,,,10.1111/1753-0407.13220
38645000,Human metabolic chambers reveal a coordinated metabolic-physiologic response to nutrition,"Perry AS, Piaggi P, Huang S, Nayor M, Freedman J, North K, Below J, Clish C, Murthy VL, Krakoff J, Shah RV.",Perry AS,medRxiv,2024,22/04/2024,PMC11030300,,10.1101/2024.04.08.24305087
34551710,"Variation in the vitamin D receptor gene, plasma 25-hydroxyvitamin D, and risk of premenstrual symptoms","Jarosz AC, Noori D, Zeitoun T, Garcia-Bailo B, El-Sohemy A.",Jarosz AC,Genes Nutr,2021,23/09/2021,PMC8459465,,10.1186/s12263-021-00696-2
35956344,Validating Accuracy of an Internet-Based Application against USDA Computerized Nutrition Data System for Research on Essential Nutrients among Social-Ethnic Diets for the E-Health Era,"Yang YL, Yang HL, Kusuma JD, Shiao SPK.",Yang YL,Nutrients,2022,12/08/2022,PMC9370220,,10.3390/nu14153168
36039789,"Associations of genetic variations in NEDD4L with salt sensitivity, blood pressure changes and hypertension incidence in Chinese adults","Niu ZJ, Yao S, Zhang X, Mu JJ, Du MF, Zou T, Chu C, Liao YY, Hu GL, Chen C, Wang D, Ma Q, Yan Y, Jia H, Wang KK, Sun Y, Yan RC, Man ZY, Ren DF, Wang L, Gao WH, Li H, Wu YX, Li CH, Gao K, Zhang J, Yang TL, Wang Y.",Niu ZJ,J Clin Hypertens (Greenwich),2022,30/08/2022,PMC9581093,,10.1111/jch.14566
32039173,Marigold Supercritical Extract as Potential Co-adjuvant in Pancreatic Cancer: The Energetic Catastrophe Induced via BMP8B Ends Up With Autophagy-Induced Cell Death,"Gómez de Cedrón M, Mouhid L, García-Carrascosa E, Fornari T, Reglero G, Ramírez de Molina A.",Gómez de Cedrón M,Front Bioeng Biotechnol,2020,11/02/2020,PMC6992545,,10.3389/fbioe.2019.00455
36501145,Association between Dietary Behaviors and BMI Stratified by Sex and the ALDH2 rs671 Polymorphism in Japanese Adults,"Igarashi M, Nogawa S, Hachiya T, Furukawa K, Takahashi S, Jia H, Saito K, Kato H.",Igarashi M,Nutrients,2022,11/12/2022,PMC9741124,,10.3390/nu14235116
33203358,LC-N2G: a local consistency approach for nutrigenomics data analysis,"Xu X, Solon-Biet SM, Senior A, Raubenheimer D, Simpson SJ, Fontana L, Mueller S, Yang JYH.",Xu X,BMC Bioinformatics,2020,18/11/2020,PMC7672905,,10.1186/s12859-020-03861-3
34209243,A Comparison of Gene Expression Profiles of Rat Tissues after Mild and Short-Term Calorie Restrictions,"Saito K, Ito M, Chiba T, Jia H, Kato H.",Saito K,Nutrients,2021,02/07/2021,PMC8308279,,10.3390/nu13072277
32801462,Epigallocatechin-3-gallate (EGCG) attenuates non-alcoholic fatty liver disease via modulating the interaction between gut microbiota and bile acids,"Naito Y, Ushiroda C, Mizushima K, Inoue R, Yasukawa Z, Abe A, Takagi T.",Naito Y,J Clin Biochem Nutr,2020,18/08/2020,PMC7417793,,10.3164/jcbn.20-39
35651010,"Expression of B. subtilis Phytase gene driven by fruit specific E8 promoter for enhanced minerals, metabolites and phytonutrient in cucumber fruit","Sapara KK, Agarwal P, Gupta K, Agarwal PK.",Sapara KK,Food Res Int,2022,02/06/2022,,,10.1016/j.foodres.2022.111138
32231240,"Gut, oral and skin microbiome of Indian patrilineal families reveal perceptible association with age","Chaudhari DS, Dhotre DP, Agarwal DM, Gaike AH, Bhalerao D, Jadhav P, Mongad D, Lubree H, Sinkar VP, Patil UK, Salvi S, Bavdekar A, Juvekar SK, Shouche YS.",Chaudhari DS,Sci Rep,2020,02/04/2020,PMC7105498,,10.1038/s41598-020-62195-5
34548800,Association of Metabolic Syndrome with Aerobic Exercise and LPL rs3779788 Polymorphism in Taiwan Biobank Individuals,"Hsu CS, Chang ST, Nfor ON, Lee KJ, Ho CC, Liu CC, Lee SS, Liaw YP.",Hsu CS,Diabetes Metab Syndr Obes,2021,22/09/2021,PMC8449547,,10.2147/DMSO.S328308
35057449,Precision Nutrition Model Predicts Glucose Control of Overweight Females Following the Consumption of Potatoes High in Resistant Starch,"Nolte Fong JV, Miketinas D, Moore LW, Nguyen DT, Graviss EA, Ajami N, Patterson MA.",Nolte Fong JV,Nutrients,2022,21/01/2022,PMC8779142,,10.3390/nu14020268
34830341,Role of Peroxisome Proliferator-Activated Receptors (PPARs) in Energy Homeostasis of Dairy Animals: Exploiting Their Modulation through Nutrigenomic Interventions,"Hassan FU, Nadeem A, Li Z, Javed M, Liu Q, Azhar J, Rehman MS, Cui K, Rehman SU.",Hassan FU,Int J Mol Sci,2021,27/11/2021,PMC8619600,,10.3390/ijms222212463
35893924,"Dietary Carbohydrate as Glycemic Load, Not Fat, Coupled with Genetic Permissiveness Favoring Rapid Growth and Extra Calories, Dictate Metabolic Syndrome and Diabetes Induction in Nile Rats (Arvicanthis niloticus)","Subramaniam A, Park B, Raphael D, Landstrom M, Hayes KC.",Subramaniam A,Nutrients,2022,27/07/2022,PMC9331090,,10.3390/nu14153064
32773395,Targeted Therapies for Hereditary Peripheral Neuropathies: Systematic Review and Steps Towards a 'treatabolome',"Jennings MJ, Lochmüller A, Atalaia A, Horvath R.",Jennings MJ,J Neuromuscul Dis,2021,11/08/2020,PMC8203235,,10.3233/JND-200546
32948523,Multi-omics Approaches To Decipher the Impact of Diet and Host Physiology on the Mammalian Gut Microbiome,"Milani C, Alessandri G, Mancabelli L, Mangifesta M, Lugli GA, Viappiani A, Longhi G, Anzalone R, Duranti S, Turroni F, Ossiprandi MC, van Sinderen D, Ventura M.",Milani C,Appl Environ Microbiol,2020,19/09/2020,PMC7657629,,10.1128/AEM.01864-20
32624396,Effect of Incorporating Genetic Testing Results into Nutrition Counseling and Care on Health Outcomes: An Evidence Analysis Center Systematic Review-Part II,"Ellis A, Rozga M, Braakhuis A, Monnard CR, Robinson K, Sinley R, Wanner A, Vargas AJ.",Ellis A,J Acad Nutr Diet,2021,07/07/2020,,,10.1016/j.jand.2020.02.009
33161672,[The modern technologies of vitaminization in diseases prevention: publications review],"Mingazova EN, Gureev SA, Sidorov VV.",Mingazova EN,Probl Sotsialnoi Gig Zdravookhranenniiai Istor Med,2020,08/11/2020,,,10.32687/0869-866X-2020-28-5-981-986
35395723,Zinc supplementation modifies brain tissue transcriptome of Apis mellifera honeybees,"Camilli MP, Kadri SM, Alvarez MVN, Ribolla PEM, Orsi RO.",Camilli MP,BMC Genomics,2022,09/04/2022,PMC8994358,,10.1186/s12864-022-08464-1
33783375,"Associations of plasma PAPP-A2 and genetic variations with salt sensitivity, blood pressure changes and hypertension incidence in Chinese adults","Wang Y, Jia H, Gao WH, Zou T, Yao S, Du MF, Zhang XY, Chu C, Liao YY, Chen C, Wang D, Ma Q, Hu JW, Wang KK, Yan Y, Sun Y, Hu GL, Niu ZJ, Zhou HW, Zhang X, Wang X, Li CH, Chen FY, Gao K, Zhang J, Guan YJ, Chang J, Yang TL, Mu JJ.",Wang Y,J Hypertens,2021,30/03/2021,,,10.1097/HJH.0000000000002846
31751449,"Modeling of an integrative prototype based on genetic, phenotypic, and environmental information for personalized prescription of energy-restricted diets in overweight/obese subjects","Ramos-Lopez O, Cuervo M, Goni L, Milagro FI, Riezu-Boj JI, Martinez JA.",Ramos-Lopez O,Am J Clin Nutr,2020,22/11/2019,,,10.1093/ajcn/nqz286
32383217,Anthocyanin-Biofortified Colored Wheat Prevents High Fat Diet-Induced Alterations in Mice: Nutrigenomics Studies,"Sharma S, Khare P, Kumar A, Chunduri V, Kumar A, Kapoor P, Mangal P, Kondepudi KK, Bishnoi M, Garg M.",Sharma S,Mol Nutr Food Res,2020,09/05/2020,PMC7507204,,10.1002/mnfr.201900999
33082577,Publisher Correction: Human postprandial responses to food and potential for precision nutrition,"Berry SE, Valdes AM, Drew DA, Asnicar F, Mazidi M, Wolf J, Capdevila J, Hadjigeorgiou G, Davies R, Khatib HA, Bonnett C, Ganesh S, Bakker E, Hart D, Mangino M, Merino J, Linenberg I, Wyatt P, Ordovas JM, Gardner CD, Delahanty LM, Chan AT, Segata N, Franks PW, Spector TD.",Berry SE,Nat Med,2020,21/10/2020,,,10.1038/s41591-020-1130-y
38220389,The genomic landscape of chronic obstructive pulmonary disease: Insights from nutrigenomics,Vaziri Y.,Vaziri Y,Clin Nutr ESPEN,2024,14/01/2024,,,10.1016/j.clnesp.2023.11.017
34189071,Phytochemically rich dietary components and the risk of colorectal cancer: A systematic review and meta-analysis of observational studies,"Borgas P, Gonzalez G, Veselkov K, Mirnezami R.",Borgas P,World J Clin Oncol,2021,30/06/2021,PMC8223713,,10.5306/wjco.v12.i6.482
37560158,A nutrigenomics approach to study the effects of ω-3 fatty acids in laying hens under physiological stress,"Berenjian A, Bakhtiarizadeh MR, Mohammadi-Sangcheshmeh A, Sharifi SD.",Berenjian A,Front Physiol,2023,10/08/2023,PMC10407228,,10.3389/fphys.2023.1198247
32478081,Effects of Dietary Fat Profile on Gut Microbiota in Valproate Animal Model of Autism,"Wang JP, Xu YC, Hou JQ, Li JY, Xing J, Yang BX, Zhang ZH, Zhang BL, Li HH, Li P.",Wang JP,Front Med (Lausanne),2020,02/06/2020,PMC7235405,,10.3389/fmed.2020.00151
30735794,Should 'Omics' education be a part of allied health profession curricula?,"Brown HD, Boonme K, Imrhan V, Juma S, Vijayagopal P, Prasad C.",Brown HD,Genomics,2020,09/02/2019,,,10.1016/j.ygeno.2019.01.009
38569783,Utilizing the gut microbiome as a biomarker of response to dietary interventions in inflammatory bowel disease: moving toward precision nutrition,Lunken GR.,Lunken GR,Am J Clin Nutr,2024,03/04/2024,,,10.1016/j.ajcnut.2024.01.022
34846782,"Associations of corin genetic polymorphisms with salt sensitivity, blood pressure changes, and hypertension incidence in Chinese adults","Zou T, Yao S, Du MF, Mu JJ, Chu C, Hu GL, Liao YY, Chen C, Wang D, Ma Q, Yan Y, Jia H, Wang KK, Sun Y, Niu ZJ, Zhang X, Yan RC, Man ZY, Ren DF, Wang L, Gao WH, Li H, Wu YX, Li CH, Gao K, Zhang J, Yang TL, Wang Y.",Zou T,J Clin Hypertens (Greenwich),2021,30/11/2021,PMC8696215,,10.1111/jch.14401
38913541,Gut microbial features and dietary fiber intake predict gut microbiota response to resistant starch supplementation,"Devarakonda SLS, Superdock DK, Ren J, Johnson LM, Loinard-González AAP, Poole AC.",Devarakonda SLS,Gut Microbes,2024,24/06/2024,PMC11197919,,10.1080/19490976.2024.2367301
35289984,Circulating miRNAs in girls with abdominal obesity: miR-221-3p as a biomarker of response to weight loss interventions,"Ojeda-Rodríguez A, Assmann TS, Alonso-Pedrero L, Azcona-Sanjulian MC, Milagro FI, Marti A.",Ojeda-Rodríguez A,Pediatr Obes,2022,15/03/2022,PMC9539627,,10.1111/ijpo.12910
32975712,Reducing HbA1c in Type 2 Diabetes Using Digital Twin Technology-Enabled Precision Nutrition: A Retrospective Analysis,"Shamanna P, Saboo B, Damodharan S, Mohammed J, Mohamed M, Poon T, Kleinman N, Thajudeen M.",Shamanna P,Diabetes Ther,2020,25/09/2020,PMC7547935,,10.1007/s13300-020-00931-w
38971530,"The Evolution of Science and Regulation of Dietary Supplements: Past, Present, and Future","Coates PM, Bailey RL, Blumberg JB, El-Sohemy A, Floyd ZE, Goldenberg JZ, Gould Shunney A, Holscher HD, Nkrumah-Elie Y, Rai D, Ritz BW, Weber WJ.",Coates PM,J Nutr,2024,06/07/2024,,,10.1016/j.tjnut.2024.06.017
33968075,Allyl Isothiocyanate: A TAS2R38 Receptor-Dependent Immune Modulator at the Interface Between Personalized Medicine and Nutrition,"Tran HTT, Stetter R, Herz C, Spöttel J, Krell M, Hanschen FS, Schreiner M, Rohn S, Behrens M, Lamy E.",Tran HTT,Front Immunol,2021,10/05/2021,PMC8103899,,10.3389/fimmu.2021.669005
31504115,Perspective: Guiding Principles for the Implementation of Personalized Nutrition Approaches That Benefit Health and Function,"Adams SH, Anthony JC, Carvajal R, Chae L, Khoo CSH, Latulippe ME, Matusheski NV, McClung HL, Rozga M, Schmid CH, Wopereis S, Yan W.",Adams SH,Adv Nutr,2020,11/09/2019,PMC7442375,,10.1093/advances/nmz086
33744236,Guiding Global Best Practice in Personalized Nutrition Based on Genetics: The Development of a Nutrigenomics Care Map,"Horne JR, Nielsen DE, Madill J, Robitaille J, Vohl MC, Mutch DM.",Horne JR,J Acad Nutr Diet,2022,21/03/2021,,,10.1016/j.jand.2021.02.008
38798015,The impact of high-salt diet on asthma in humans and mice: Effect on specific T-cell signatures and microbiome,"Musiol S, Harris CP, Gschwendtner S, Burrell A, Amar Y, Schnautz B, Renisch D, Braun SC, Haak S, Schloter M, Schmidt-Weber CB, Zielinski CE, Alessandrini F.",Musiol S,Allergy,2024,27/05/2024,,,10.1111/all.16148
33886562,Effects of phytonutrient-supplemented diets on the intestinal microbiota of Cyprinus carpio,"Feher M, Fauszt P, Tolnai E, Fidler G, Pesti-Asboth G, Stagel A, Szucs I, Biro S, Remenyik J, Paholcsek M, Stundl L.",Feher M,PLoS One,2021,22/04/2021,PMC8062051,,10.1371/journal.pone.0248537
32453194,The Nasopharyngeal and Gut Microbiota in Children in a Pediatric Otolaryngology Practice,"Thapa S, Runge JK, Venkatachalam A, Denne C, Luna RA, Anon JB.",Thapa S,Pediatr Infect Dis J,2020,27/05/2020,,,10.1097/INF.0000000000002703
31631718,The emerging discipline of precision cooking: a suitable tool for the precision nutrition,"Clodoveo ML, Di Lorenzo L, Sabbă C, Moschetta A, Gesualdo L, Corbo F.",Clodoveo ML,Int J Food Sci Nutr,2020,22/10/2019,,,10.1080/09637486.2019.1679726
32516287,"Association of plasma cyclooxygenase-2 levels and genetic polymorphisms with salt sensitivity, blood pressure changes and hypertension incidence in Chinese adults","Wang Y, Zhou Q, Gao WH, Yan Y, Chu C, Chen C, Yuan Y, Wang KK, Ma Q, Gao K, Hu JW, Liao YY, Li M, Sun Y, Chang J, Zhang J, Xu JT, Wang D, Zang WJ, Mu JJ.",Wang Y,J Hypertens,2020,10/06/2020,,,10.1097/HJH.0000000000002473
33876196,Polymorphisms in SLC44A1 are associated with cognitive improvement in children diagnosed with fetal alcohol spectrum disorder: an exploratory study of oral choline supplementation,"Smith SM, Virdee MS, Eckerle JK, Sandness KE, Georgieff MK, Boys CJ, Zeisel SH, Wozniak JR.",Smith SM,Am J Clin Nutr,2021,20/04/2021,PMC8326038,,10.1093/ajcn/nqab081
35904282,"Genes regulating levels of ω-3 long-chain polyunsaturated fatty acids are associated with alcohol use disorder and consumption, and broader externalizing behavior in humans","Aliev F, Barr PB, Davies AG, Dick DM, Bettinger JC.",Aliev F,Alcohol Clin Exp Res,2022,29/07/2022,PMC9509483,NIHMS1828424,10.1111/acer.14916
36142372,Pomegranate Extract Augments Energy Expenditure Counteracting the Metabolic Stress Associated with High-Fat-Diet-Induced Obesity,"Reguero M, Gómez de Cedrón M, Sierra-Ramírez A, Fernández-Marcos PJ, Reglero G, Quintela JC, Ramírez de Molina A.",Reguero M,Int J Mol Sci,2022,23/09/2022,PMC9499678,,10.3390/ijms231810460
32228128,The modifying effect of nutritional factors on the association between IL1-β single nucleotide polymorphism and serum CXCL10 levels in young Canadian adults,"Li X, Jarosz AC, El-Sohemy A, Badawi A.",Li X,Nutr Health,2020,02/04/2020,,,10.1177/0260106020912945
38416643,Identifying potential dietary treatments for inherited metabolic disorders using Drosophila nutrigenomics,"Martelli F, Lin J, Mele S, Imlach W, Kanca O, Barlow CK, Paril J, Schittenhelm RB, Christodoulou J, Bellen HJ, Piper MDW, Johnson TK.",Martelli F,Cell Rep,2024,28/02/2024,PMC11037929,NIHMS1980915,10.1016/j.celrep.2024.113861
32563005,Dietary sucrose induces metabolic inflammation and atherosclerotic cardiovascular diseases more than dietary fat in LDLr(-/-)ApoB(100/100) mice,"Perazza LR, Mitchell PL, Jensen BAH, Daniel N, Boyer M, Varin TV, Bouchareb R, Nachbar RT, Bouchard M, Blais M, Gagné A, Joubert P, Sweeney G, Roy D, Arsenault BJ, Mathieu P, Marette A.",Perazza LR,Atherosclerosis,2020,21/06/2020,,,10.1016/j.atherosclerosis.2020.05.002
34980713,The Ability of Nutrition to Mitigate Epigenetic Drift: A Novel Look at Regulating Gene Expression,"D Palmer R, Papa V, Vaccarezza M.",D Palmer R,J Nutr Sci Vitaminol (Tokyo),2021,04/01/2022,,,10.3177/jnsv.67.359
37245472,A bifunctional hepatocyte-mitochondrion targeting nanosystem for effective astaxanthin delivery to the liver,"Hua Z, Zhang X, Chen Y, Liu R, Li Y, Li J, Liu D, Tan M.",Hua Z,Food Chem,2023,28/05/2023,,,10.1016/j.foodchem.2023.136439
33279904,Healthcare Professional Clinical Actions following Nutrigenomics Testing in Practice,"Karamanoglu I, Nielsen DE.",Karamanoglu I,Public Health Genomics,2020,06/12/2020,,,10.1159/000511785
32766882,Imprecision nutrition? Different simultaneous continuous glucose monitors provide discordant meal rankings for incremental postprandial glucose in subjects without diabetes,"Howard R, Guo J, Hall KD.",Howard R,Am J Clin Nutr,2020,09/08/2020,PMC7528568,,10.1093/ajcn/nqaa198
38357465,Data-driven analysis and prediction of dynamic postprandial metabolic response to multiple dietary challenges using dynamic mode decomposition,"Skantze V, Jirstrand M, Brunius C, Sandberg AS, Landberg R, Wallman M.",Skantze V,Front Nutr,2024,15/02/2024,PMC10865386,,10.3389/fnut.2023.1304540
30799616,Quantitative Dietary Fingerprinting (QDF)-A Novel Tool for Comprehensive Dietary Assessment Based on Urinary Nutrimetabolomics,"González-Domínguez R, Urpi-Sarda M, Jáuregui O, Needs PW, Kroon PA, Andrés-Lacueva C.",González-Domínguez R,J Agric Food Chem,2020,26/02/2019,,,10.1021/acs.jafc.8b07023
32766768,"Precision Nutrition-the Answer to ""What to Eat to Stay Healthy""","Rodgers GP, Collins FS.",Rodgers GP,JAMA,2020,09/08/2020,,,10.1001/jama.2020.13601
34474278,Decentralized vitamin C & D dual biosensor chip: Toward personalized immune system support,"Ruiz-Valdepeñas Montiel V, Sempionatto JR, Vargas E, Bailey E, May J, Bulbarello A, Düsterloh A, Matusheski N, Wang J.",Ruiz-Valdepeñas Montiel V,Biosens Bioelectron,2021,02/09/2021,PMC8437685,,10.1016/j.bios.2021.113590
37684485,Higher glucose and insulin responses to a mixed meal are associated with increased risk of diabetic retinopathy in Indigenous Americans,"Stinson EJ, Mitchell CM, Looker HC, Krakoff J, Chang DC.",Stinson EJ,J Endocrinol Invest,2024,08/09/2023,,,10.1007/s40618-023-02187-0
38710681,Author Correction: Precision nutrition to reset virus-induced human metabolic reprogramming and dysregulation (HMRD) in long-COVID,"Naidu AS, Wang CK, Rao P, Mancini F, Clemens RA, Wirakartakusumah A, Chiu HF, Yen CH, Porretta S, Mathai I, Naidu SAG.",Naidu AS,NPJ Sci Food,2024,06/05/2024,PMC11074247,,10.1038/s41538-024-00267-w
36268165,"Immunometabolism in livestock: triggers and physiological role of transcription regulators, nutrients, and microbiota","Loor JJ, Elolimy AA.",Loor JJ,Anim Front,2022,21/10/2022,PMC9564998,,10.1093/af/vfac061
35187041,"Corrigendum: The PERSonalized Glucose Optimization Through Nutritional Intervention (PERSON) Study: Rationale, Design and Preliminary Screening Results","Gijbels A, Trouwborst I, Jardon KM, Hul GB, Siebelink E, Bowser SM, Yildiz D, Wanders L, Erdos B, Thijssen DHJ, Feskens EJM, Goossens GH, Afman LA, Blaak EE.",Gijbels A,Front Nutr,2022,21/02/2022,PMC8851387,,10.3389/fnut.2022.836546
36514359,Output Consistency Scale to Standardize Ostomate Output Description in Clinical Practice and Studies,"Whisenhunt LA, Xu LH, Yang F, Izard J.",Whisenhunt LA,Acad J Gastroenterol Hepatol,2021,14/12/2022,PMC9744382,NIHMS1840019,10.33552/ajgh.2021.03.000554
38033566,Gut microbiota profiles in two New Zealand cohorts with overweight and prediabetes: a Tū Ora/PREVIEW comparative study,"Mathrani A, Lu LW, Sequeira-Bisson IR, Silvestre MP, Hoggard M, Barnett D, Fogelholm M, Raben A, Poppitt SD, Taylor MW.",Mathrani A,Front Microbiol,2023,30/11/2023,PMC10687470,,10.3389/fmicb.2023.1244179
36259784,"Holistic approach to effects of foods, human physiology, and psychology on food intake and appetite (satiation & satiety)","Ni D, Smyth HE, Cozzolino D, Gidley MJ.",Ni D,Crit Rev Food Sci Nutr,2024,19/10/2022,,,10.1080/10408398.2022.2134840
32047571,"Correction to: The peptide transporter 1a of the zebrafish Danio rerio, an emerging model in nutrigenomics and nutrition research: molecular characterization, functional properties, and expression analysis","Vacca F, Barca A, Gomes AS, Mazzei A, Piccinni B, Cinquetti R, Del Vecchio G, Romano A, Rønnestad I, Bossi E, Verri T.",Vacca F,Genes Nutr,2020,13/02/2020,PMC7006059,,10.1186/s12263-020-0661-7
32526248,Transcriptional dynamics of Zn-accumulation in developing kernels of maize reveals important Zn-uptake mechanisms,"Ganie SA, Mazumder A, Kiran K, Hossain F, Sharma R, Mondal TK.",Ganie SA,Genomics,2020,12/06/2020,,,10.1016/j.ygeno.2020.06.009
32123709,Microarray data and pathway analyses of peripheral blood mononuclear cells from healthy subjects after a three weeks grape-rich diet,"Milella RA, Gasparro M, Alagna F, Cardone MF, Rotunno S, Ammollo CT, Semeraro F, Tullo A, Marzano F, Catalano D, Antonacci D, Colucci M, D'Elia D.",Milella RA,Data Brief,2020,04/03/2020,PMC7036720,,10.1016/j.dib.2020.105278
38143283,"Sulforaphane and Sulforaphane-Nitrile Metabolism in Humans Following Broccoli Sprout Consumption: Inter-individual Variation, Association with Gut Microbiome Composition, and Differential Bioactivity","Bouranis JA, Beaver LM, Wong CP, Choi J, Hamer S, Davis EW, Brown KS, Jiang D, Sharpton TJ, Stevens JF, Ho E.",Bouranis JA,Mol Nutr Food Res,2024,24/12/2023,PMC10922398,NIHMS1961386,10.1002/mnfr.202300286
34172268,"Comment on ""Guiding Global Best Practice in Personalized Nutrition Based on Genetics: The Development of a Nutrigenomics Care Map""","Vimaleswaran KS, Reddy GB.",Vimaleswaran KS,J Acad Nutr Diet,2021,26/06/2021,,,10.1016/j.jand.2021.04.016
36947307,Exploring the secrets of super-aging: a UK Biobank study on brain health and cognitive function,"Klinedinst BS, Kharate MK, Mohammadiarvejeh P, Fili M, Pollpeter A, Larsen BA, Moody S, Wang Q, Allenspach K, Mochel JP, Willette AA.",Klinedinst BS,Geroscience,2023,22/03/2023,PMC10651574,,10.1007/s11357-023-00765-x
34742934,The probiotic effects of AB23A on high-fat-diet-induced non-alcoholic fatty liver disease in mice may be associated with suppressing the serum levels of lipopolysaccharides and branched-chain amino acids,"Xia F, Xiang S, Chen Z, Song L, Li Y, Liao Z, Ge B, Zhou B.",Xia F,Arch Biochem Biophys,2021,07/11/2021,,,10.1016/j.abb.2021.109080
38093527,Optimum ratio of dietary protein and carbohydrate that maximises lifespan is shared among related insect species,Morimoto J.,Morimoto J,Aging Cell,2024,14/12/2023,PMC10928577,,10.1111/acel.14067
37434308,Astaxanthin could regulate the gut-kidney axis to mitigate kidney injury in high-fat diet/streptozotocin-induced diabetic mice,"Ha M, Yang Y, Wu M, Gong T, Chen Z, Yu L.",Ha M,Int J Vitam Nutr Res,2024,12/07/2023,,,10.1024/0300-9831/a000786
38352271,Whole-body galactose oxidation as a robust functional assay to assess the efficacy of gene-based therapies in a mouse model of Galactosemia,"Balakrishnan B, Yan X, McCue MD, Bellagamba O, Guo A, Winkler F, Thall J, Crawford L, Dimen R, Chen S, McEnaney S, Wu Y, Zimmer M, Sarkis J, Martini PGV, Finn PF, Lai K.",Balakrishnan B,Mol Ther Methods Clin Dev,2024,14/02/2024,PMC10863324,,10.1016/j.omtm.2024.101191
33529453,The genetics underlying metabolic signatures in a brown rice diversity panel and their vital role in human nutrition,"Brotman Y, Llorente-Wiegand C, Oyong G, Badoni S, Misra G, Anacleto R, Parween S, Pasion E, Tiozon RN Jr, Anonuevo JJ, deGuzman MK, Alseekh S, Mbanjo EGN, Boyd LA, Fernie AR, Sreenivasulu N.",Brotman Y,Plant J,2021,02/02/2021,,,10.1111/tpj.15182
34289479,Using the Diffusion of Innovation Theory to Understand the Challenges and Opportunities to Advancing Use of Nutrigenetics in Clinical Practice,Dong OM.,Dong OM,Lifestyle Genom,2021,21/07/2021,,,10.1159/000517760
38732608,Integrated Analysis of Genomic and Genome-Wide Association Studies Identified Candidate Genes for Nutrigenetic Studies in Flavonoids and Vascular Health: Path to Precision Nutrition for (Poly)phenols,"Ruskovska T, Postolov F, Milenkovic D.",Ruskovska T,Nutrients,2024,11/05/2024,PMC11085427,,10.3390/nu16091362
37096497,"A critical review on inflammatory bowel diseases risk factors, dietary nutrients regulation and protective pathways based on gut microbiota during recent 5 years","Xia P, Hou T, Jin H, Meng Y, Li J, Zhan F, Geng F, Li B.",Xia P,Crit Rev Food Sci Nutr,2023,25/04/2023,,,10.1080/10408398.2023.2204147
37432145,Consumption of Common Bean Suppresses the Obesogenic Increase in Adipose Depot Mass: Impact of Dose and Biological Sex,"Thompson HJ, Lutsiv T, McGinley JN, Fitzgerald VK, Neil ES.",Thompson HJ,Nutrients,2023,11/07/2023,PMC10180429,,10.3390/nu15092015
36058692,[A brief discussion on precision nutrition support for severe burn patients from theory to practice],"Han CM, Zhang LP, Wu P.",Han CM,Zhonghua Shao Shang Yu Chuang Mian Xiu Fu Za Zhi,2022,04/09/2022,,,10.3760/cma.j.cn501225-20220517-00189
38684759,Gestational diabetes-related gut microbiome dysbiosis is not influenced by different Asian ethnicities and dietary interventions: a pilot study,"Gupta A, Chan SY, Toh R, Low JM, Liu IMZ, Lim SL, Lee LY, Swarup S.",Gupta A,Sci Rep,2024,29/04/2024,PMC11058859,,10.1038/s41598-024-60386-y
37841758,Physiological impact of amino acids during heat stress in ruminants,"Loor JJ, Lopreiato V, Palombo V, D'Andrea M.",Loor JJ,Anim Front,2023,16/10/2023,PMC10575319,,10.1093/af/vfad052
32660825,"Effects of sulforaphane on the oxidative response, apoptosis, and the transcriptional profile of human stomach mucosa cells in vitro","Santos PW, Machado ART, De Grandis R, Ribeiro DL, Tuttis K, Morselli M, Aissa AF, Pellegrini M, Antunes LMG.",Santos PW,Mutat Res Genet Toxicol Environ Mutagen,2020,15/07/2020,,,10.1016/j.mrgentox.2020.503201
38603774,Correction: Vitamin D Deficiency and Its Association With Vitamin D Receptor Gene Variants Among Malaysian Women With Hypertensive Disorders in Pregnancy: Protocol for a Nutrigenomics Study,"Ibrahim Y, Basri NI, Nordin N, Mohd Jamil AA.",Ibrahim Y,JMIR Res Protoc,2024,11/04/2024,PMC11046390,,10.2196/59300
33681869,"Should We Embrace the Incorporation of Genetically Guided ""Dopamine Homeostasis"" in the Treatment of Reward Deficiency Syndrome (RSD) as a Frontline Therapeutic Modality?","Blum K, Raza A, Schultz T, Jalali R, Green R, Brewer R, Thanos PK, McLaughlin T, Baron D, Bowirrat A, Elman I, Downs BW, Bagchi D, Badgaiyan RD.",Blum K,Acta Sci Neurol,2021,08/03/2021,PMC7931265,NIHMS1668746,
36380649,15th Congress of the International Society of Nutrigenetics & Nutrigenomics (ISNN),,,Lifestyle Genom,2023,16/11/2022,,,10.1159/000527546
38288711,"Quantifying Gut Microbial Short-Chain Fatty Acids and Their Isotopomers in Mechanistic Studies Using a Rapid, Readily Expandable LC-MS Platform","Weng CC, Suarez C, Cheang SE, Couture G, Goodson ML, Barboza M, Kalanetra KM, Masarweh CF, Mills DA, Raybould HE, Lebrilla CB.",Weng CC,Anal Chem,2024,30/01/2024,PMC10867797,,10.1021/acs.analchem.3c04352
38524851,Corrigendum: Revisiting multi-omics-based predictors of the plasma triglyceride response to an omega-3 fatty acid supplementation,"Morin-Bernier J, de Toro-Martín J, Barbe V, San-Cristobal R, Lemieux S, Rudkowska I, Couture P, Barbier O, Vohl MC.",Morin-Bernier J,Front Nutr,2024,25/03/2024,PMC10959019,,10.3389/fnut.2024.1388485
37797602,Abstracts - 16th Congress of the International Society of Nutrigenetics & Nutrigenomics,,,Lifestyle Genom,2023,05/10/2023,,,10.1159/000534171
38770031,Effects of sex on fat deposition through gut microbiota and short-chain fatty acids in weaned pigs,"Yao L, Wang B, Wang Y, Bai J, Gao Y, Ru X, Bi C, Li J, Shan A.",Yao L,Anim Nutr,2024,21/05/2024,PMC11103366,,10.1016/j.aninu.2024.03.004
34564077,14th Congress of the International Society of Nutrigenetics/Nutrigenomics (ISNN),,,Lifestyle Genom,2021,26/09/2021,,,10.1159/000519267
37214416,Corrigendum: Genetic heritability as a tool to evaluate the precision of 24-hour recall dietary questionnaire variables in UK Biobank,"Cole JB, Westerman KE, Manning AK, Florez JC, Hirschhorn JN.",Cole JB,Front Genet,2023,22/05/2023,PMC10193287,,10.3389/fgene.2023.1202158
34186539,"Proceedings of the 4th European Summer School on Nutrigenomics (ESSN 2021), June 21-25, 2021",,,Lifestyle Genom,2021,29/06/2021,,,10.1159/000517609
33503988,Alpha-Tocopherol Metabolites (the Vitamin E Metabolome) and Their Interindividual Variability during Supplementation,"Bartolini D, Marinelli R, Giusepponi D, Galarini R, Barola C, Stabile AM, Sebastiani B, Paoletti F, Betti M, Rende M, Galli F.",Bartolini D,Antioxidants (Basel),2021,28/01/2021,PMC7912187,,10.3390/antiox10020173
38506708,Dietary fiber is a critical determinant of pathologic ILC2 responses and intestinal inflammation,"Arifuzzaman M, Won TH, Yano H, Uddin J, Emanuel ER, Hu E, Zhang W, Li TT, Jin WB, Grier A, Kashyap S; JRI Live Cell Bank; Guo CJ, Schroeder FC, Artis D.",Arifuzzaman M,J Exp Med,2024,20/03/2024,PMC10955042,,10.1084/jem.20232148
33042976,The Role of Nutrition in the Prevention and Intervention of Type 2 Diabetes,"Guo Y, Huang Z, Sang D, Gao Q, Li Q.",Guo Y,Front Bioeng Biotechnol,2020,12/10/2020,PMC7523408,,10.3389/fbioe.2020.575442
37686261,Using Mendelian Randomization to Study the Role of Iron in Health and Disease,"Zeitoun T, El-Sohemy A.",Zeitoun T,Int J Mol Sci,2023,09/09/2023,PMC10487635,,10.3390/ijms241713458
33763108,Whole Genome Interpretation for a Family of Five,"Corpas M, Megy K, Mistry V, Metastasio A, Lehmann E.",Corpas M,Front Genet,2021,25/03/2021,PMC7982663,,10.3389/fgene.2021.535123
36830856,Nutritional Genomics in Nonalcoholic Fatty Liver Disease,"Vasconcellos C, Ferreira O, Lopes MF, Ribeiro AF, Vasques J, Guerreiro CS.",Vasconcellos C,Biomedicines,2023,25/02/2023,PMC9953045,,10.3390/biomedicines11020319
35947841,Gestational Nutrition as a Predisposing Factor to Obesity Onset in Offspring: Role for Involvement of Epigenetic Mechanism,"Jeje SO, Adenawoola M, Abosede C.",Jeje SO,Niger J Physiol Sci,2022,10/08/2022,,,10.54548/njps.v37i1.1
37335395,Behavioral and Psychological Factors Affecting Weight Loss Success,"Pigsborg K, Kalea AZ, De Dominicis S, Magkos F.",Pigsborg K,Curr Obes Rep,2023,19/06/2023,,,10.1007/s13679-023-00511-6
36902349,Fecal Microbiota Composition as a Metagenomic Biomarker of Dietary Intake,"Melo NCO, Cuevas-Sierra A, Fernández-Cruz E, de la O V, Martínez JA.",Melo NCO,Int J Mol Sci,2023,11/03/2023,PMC10003228,,10.3390/ijms24054918
34684651,Precision Food Parenting: A Proposed Conceptual Model and Research Agenda,"Baranowski T, Thompson D, Hughes SO, O'Connor TM.",Baranowski T,Nutrients,2021,23/10/2021,PMC8538596,,10.3390/nu13103650
34677424,Metabolomics Meets Nutritional Epidemiology: Harnessing the Potential in Metabolomics Data,"Brennan L, Hu FB, Sun Q.",Brennan L,Metabolites,2021,22/10/2021,PMC8537466,,10.3390/metabo11100709
34595201,A Catalog of Natural Products Occurring in Watermelon-Citrullus lanatus,"Sorokina M, McCaffrey KS, Deaton EE, Ma G, Ordovás JM, Perkins-Veazie PM, Steinbeck C, Levi A, Parnell LD.",Sorokina M,Front Nutr,2021,01/10/2021,PMC8476801,,10.3389/fnut.2021.729822
33521549,Sex and gender differences in childhood obesity: contributing to the research agenda,"Shah B, Tombeau Cost K, Fuller A, Birken CS, Anderson LN.",Shah B,BMJ Nutr Prev Health,2020,01/02/2021,PMC7841817,,10.1136/bmjnph-2020-000074
35347148,Genetic variation of macronutrient tolerance in Drosophila melanogaster,"Havula E, Ghazanfar S, Lamichane N, Francis D, Hasygar K, Liu Y, Alton LA, Johnstone J, Needham EJ, Pulpitel T, Clark T, Niranjan HN, Shang V, Tong V, Jiwnani N, Audia G, Alves AN, Sylow L, Mirth C, Neely GG, Yang J, Hietakangas V, Simpson SJ, Senior AM.",Havula E,Nat Commun,2022,29/03/2022,PMC8960806,,10.1038/s41467-022-29183-x
32615857,The influence of coffee intake and genetics on adenosine pathway in rheumatoid arthritis,"Soukup T, Hloch K, Doseděl M, Tebbens JD, Nekvindová J, Šembera Š, Veleta T, Pávek P, Barvík I.",Soukup T,Pharmacogenomics,2020,04/07/2020,,,10.2217/pgs-2020-0042
32310688,"Biological plausibility for interactions between dietary fat, resveratrol, ACE2, and SARS-CoV illness severity","Horne JR, Vohl MC.",Horne JR,Am J Physiol Endocrinol Metab,2020,21/04/2020,PMC7215091,,10.1152/ajpendo.00150.2020
38692553,Biomolecular investigations into BBI reveal an enzymatic mechanism for PUFA isomerisation in bifidobacterium CFA bioconversion strains,"Mei Y, Chang L, Ji Y, Yang B, Zhao J, Chen H, Chen W.",Mei Y,Int J Biol Macromol,2024,01/05/2024,,,10.1016/j.ijbiomac.2024.131836
36677730,"Highly Valuable Fish Oil: Formation Process, Enrichment, Subsequent Utilization, and Storage of Eicosapentaenoic Acid Ethyl Esters","Yi M, You Y, Zhang Y, Wu G, Karrar E, Zhang L, Zhang H, Jin Q, Wang X.",Yi M,Molecules,2023,21/01/2023,PMC9865908,,10.3390/molecules28020672
36313070,Micronutrient deficiencies and cardiac health,"Rehman S, Jianglin Z.",Rehman S,Front Nutr,2022,31/10/2022,PMC9614333,,10.3389/fnut.2022.1010737
35871218,Dietary regulation in health and disease,"Wu Q, Gao ZJ, Yu X, Wang P.",Wu Q,Signal Transduct Target Ther,2022,23/07/2022,PMC9308782,,10.1038/s41392-022-01104-w
32528151,Human postprandial responses to food and potential for precision nutrition,"Berry SE, Valdes AM, Drew DA, Asnicar F, Mazidi M, Wolf J, Capdevila J, Hadjigeorgiou G, Davies R, Al Khatib H, Bonnett C, Ganesh S, Bakker E, Hart D, Mangino M, Merino J, Linenberg I, Wyatt P, Ordovas JM, Gardner CD, Delahanty LM, Chan AT, Segata N, Franks PW, Spector TD.",Berry SE,Nat Med,2020,13/06/2020,PMC8265154,NIHMS1712232,10.1038/s41591-020-0934-0
38803398,Pretreatments and Particle Size on the Glycemic Index and Rheological and Functional Food Properties of Bean Flours,"Mejía-Terán A, Blanco-Lizarazo CM, Leiva Mateus JE, Sotelo-Díaz I, Mejía Terán D, Geffroy E.",Mejía-Terán A,Int J Food Sci,2024,28/05/2024,PMC11129911,,10.1155/2024/6336837
38586455,Meal timing and its role in obesity and associated diseases,"Peters B, Vahlhaus J, Pivovarova-Ramich O.",Peters B,Front Endocrinol (Lausanne),2024,08/04/2024,PMC10995378,,10.3389/fendo.2024.1359772
38223254,Predicting metabolomic profiles from microbial composition through neural ordinary differential equations,"Wang T, Wang XW, Lee-Sarwar KA, Litonjua AA, Weiss ST, Sun Y, Maslov S, Liu YY.",Wang T,Nat Mach Intell,2023,15/01/2024,PMC10786629,NIHMS1905994,10.1038/s42256-023-00627-3
37178716,Lipoprotein(a) and diet-a challenge for a role of saturated fat in cardiovascular disease risk reduction?,"Law HG, Meyers FJ, Berglund L, Enkhmaa B.",Law HG,Am J Clin Nutr,2023,13/05/2023,PMC10447465,,10.1016/j.ajcnut.2023.05.017
34838100,The Aliment to Bodily Condition knowledgebase (ABCkb): a database connecting plants and human health,"Trautman A, Linchangco R, Walstead R, Jay JJ, Brouwer C.",Trautman A,BMC Res Notes,2021,28/11/2021,PMC8627056,,10.1186/s13104-021-05835-x
33276463,Do Eicosapentaenoic Acid and Docosahexaenoic Acid Have the Potential to Compete against Each Other?,"Pal A, Metherel AH, Fiabane L, Buddenbaum N, Bazinet RP, Shaikh SR.",Pal A,Nutrients,2020,05/12/2020,PMC7760937,,10.3390/nu12123718
38667339,"Looking to the future: Agendas, directions, and resources for nutrition research","Heitman K, Hubbard J, Easter L, Kilkus J.",Heitman K,Nutr Clin Pract,2024,26/04/2024,,,10.1002/ncp.11154
33521546,Genetic variants for personalised management of very low carbohydrate ketogenic diets,"Aronica L, Volek J, Poff A, D'agostino DP.",Aronica L,BMJ Nutr Prev Health,2020,01/02/2021,PMC7841814,,10.1136/bmjnph-2020-000167
36909644,Microbial community-scale metabolic modeling predicts personalized short chain fatty acid production profiles in the human gut,"Quinn-Bohmann N, Wilmanski T, Sarmiento KR, Levy L, Lampe JW, Gurry T, Rappaport N, Ostrem EM, Venturelli OS, Diener C, Gibbons SM.",Quinn-Bohmann N,bioRxiv,2023,13/03/2023,PMC10002715,,10.1101/2023.02.28.530516
38071236,Personalized dietary management of advanced prostate cancer using nutrigenomics: a case report,"Brinkman M, Green H, Crofts S, Jones B, Walsh S, Smith M.",Brinkman M,Eur J Clin Nutr,2024,09/12/2023,PMC11003864,,10.1038/s41430-023-01377-6
34835928,Influence of the Bioactive Diet Components on the Gene Expression Regulation,"Mierziak J, Kostyn K, Boba A, Czemplik M, Kulma A, Wojtasik W.",Mierziak J,Nutrients,2021,27/11/2021,PMC8619229,,10.3390/nu13113673
32824558,Mitochondrial DNA and Neurodegeneration: Any Role for Dietary Antioxidants?,"Bordoni L, Gabbianelli R.",Bordoni L,Antioxidants (Basel),2020,23/08/2020,PMC7466149,,10.3390/antiox9080764
32098227,Direct-to-Consumer Nutrigenetics Testing: An Overview,"Floris M, Cano A, Porru L, Addis R, Cambedda A, Idda ML, Steri M, Ventura C, Maioli M.",Floris M,Nutrients,2020,27/02/2020,PMC7071525,,10.3390/nu12020566
30324875,Perioperative Heart-Brain Axis Protection in Obese Surgical Patients: The Nutrigenomic Approach,"Agrimi J, Baroni C, Anakor E, Lionetti V.",Agrimi J,Curr Med Chem,2020,17/10/2018,,,10.2174/0929867325666181015145225
38205491,Unveiling the Spectrum of Ophthalmic Manifestations in Nutritional Deficiencies: A Comprehensive Review,"Murkey SP, Agarwal A, Pandit P, Kumar S, Jaiswal A.",Murkey SP,Cureus,2023,11/01/2024,PMC10777438,,10.7759/cureus.50311
37298715,Cyanidin-3-O-glucoside as a Nutrigenomic Factor in Type 2 Diabetes and Its Prominent Impact on Health,"Bartel I, Koszarska M, Strzałkowska N, Tzvetkov NT, Wang D, Horbańczuk JO, Wierzbicka A, Atanasov AG, Jóźwik A.",Bartel I,Int J Mol Sci,2023,10/06/2023,PMC10253535,,10.3390/ijms24119765
35667538,Immune responses to prebiotics in farmed salmonid fish: How transcriptomic approaches help interpret responses,"Porter D, Peggs D, McGurk C, Martin SAM.",Porter D,Fish Shellfish Immunol,2022,06/06/2022,,,10.1016/j.fsi.2022.05.055
37745945,Maternal and fetal factors affecting cord plasma leptin and adiponectin levels and their ratio in preterm and term newborns: New insight on fetal origins of metabolic dysfunction,"Makker K, Zhang M, Wang G, Hong X, Aziz KB, Wang X.",Makker K,Precis Nutr,2022,25/09/2023,PMC10035290,NIHMS1821480,10.1097/PN9.0000000000000013
32328497,Nutrigenomics-Associated Impacts of Nutrients on Genes and Enzymes With Special Consideration of Aromatase,"Jenzer H, Sadeghi-Reeves L.",Jenzer H,Front Nutr,2020,25/04/2020,PMC7161344,,10.3389/fnut.2020.00037
38025831,"10‑Gingerol, a novel ginger compound, exhibits antiadipogenic effects without compromising cell viability in 3T3‑L1 cells","Preciado-Ortiz ME, Martinez-Lopez E, Rodriguez-Echevarría R, Perez-Robles M, Gembe-Olivarez G, Rivera-Valdés JJ.",Preciado-Ortiz ME,Biomed Rep,2023,29/11/2023,PMC10646760,,10.3892/br.2023.1687
37704738,Prebiotic inulin enhances gut microbial metabolism and anti-inflammation in apolipoprotein E4 mice with sex-specific implications,"Chang YH, Yanckello LM, Chlipala GE, Green SJ, Aware C, Runge A, Xing X, Chen A, Wenger K, Flemister A, Wan C, Lin AL.",Chang YH,Sci Rep,2023,13/09/2023,PMC10499887,,10.1038/s41598-023-42381-x
35208257,The Role of Nutraceutical Containing Polyphenols in Diabetes Prevention,"Fernandes I, Oliveira J, Pinho A, Carvalho E.",Fernandes I,Metabolites,2022,25/02/2022,PMC8878446,,10.3390/metabo12020184
34944131,Estimating Amino Acid Requirements in Real-Time for Precision-Fed Pigs: The Challenge of Variability among Individuals,"Remus A, Hauschild L, Létourneau-Montminy MP, Pomar C.",Remus A,Animals (Basel),2021,24/12/2021,PMC8698096,,10.3390/ani11123354
34308116,Genetic factors associated with obesity risks in a Kazakhstani population,"Razbekova M, Issanov A, Chan MY, Chan R, Yerezhepov D, Kozhamkulov U, Akilzhanova A, Chan CK.",Razbekova M,BMJ Nutr Prev Health,2021,26/07/2021,PMC8258080,,10.1136/bmjnph-2020-000139
33753486,CODY enables quantitatively spatiotemporal predictions on in vivo gut microbial variability induced by diet intervention,"Geng J, Ji B, Li G, López-Isunza F, Nielsen J.",Geng J,Proc Natl Acad Sci U S A,2021,23/03/2021,PMC8020746,,10.1073/pnas.2019336118
32690178,A systematic review of precision nutrition and Mediterranean Diet: A personalized nutrition approaches for prevention and management of obesity related disorders,"Tuncay C, Ergoren MC.",Tuncay C,Clin Nutr ESPEN,2020,22/07/2020,,,10.1016/j.clnesp.2020.04.005
38971229,Artificial Intelligence in Malnutrition: A systematic literature review,"Janssen SMW, Bouzembrak Y, Tekinerdogan B.",Janssen SMW,Adv Nutr,2024,06/07/2024,,,10.1016/j.advnut.2024.100264
37270030,"Perspective: Council for Responsible Nutrition Science in Session. Optimizing Health with Nutrition-Opportunities, Gaps, and the Future","Ho E, Drake VJ, Michels AJ, Nkrumah-Elie YM, Brown LL, Scott JM, Newman JW, Shukitt-Hale B, Soumyanath A, Chilton FH, Lindemann SR, Shao A, Mitmesser SH.",Ho E,Adv Nutr,2023,03/06/2023,PMC10509435,,10.1016/j.advnut.2023.05.015
36999956,Targeted delivery of food functional ingredients in precise nutrition: design strategy and application of nutritional intervention,"Wang X, Shi G, Fan S, Ma J, Yan Y, Wang M, Tang X, Lv P, Zhang Y.",Wang X,Crit Rev Food Sci Nutr,2023,31/03/2023,,,10.1080/10408398.2023.2193275
36358931,"Metabolism of Selenium, Selenocysteine, and Selenoproteins in Ferroptosis in Solid Tumor Cancers","Shimada BK, Swanson S, Toh P, Seale LA.",Shimada BK,Biomolecules,2022,11/11/2022,PMC9687593,,10.3390/biom12111581
36159455,Nutritional senolytics and senomorphics: Implications to immune cells metabolism and aging - from theory to practice,"Luís C, Maduro AT, Pereira P, Mendes JJ, Soares R, Ramalho R.",Luís C,Front Nutr,2022,26/09/2022,PMC9493043,,10.3389/fnut.2022.958563
35183765,Integrating longitudinal clinical and microbiome data to predict growth faltering in preterm infants,"Lugo-Martinez J, Xu S, Levesque J, Gallagher D, Parker LA, Neu J, Stewart CJ, Berrington JE, Embleton ND, Young G, Gregory KE, Good M, Tandon A, Genetti D, Warren T, Bar-Joseph Z.",Lugo-Martinez J,J Biomed Inform,2022,20/02/2022,,,10.1016/j.jbi.2022.104031
34039840,Recent advances in understanding the adaptive evolution of metabolic genes and traits,"Yang S, Ye K.",Yang S,Curr Opin Clin Nutr Metab Care,2021,27/05/2021,,,10.1097/MCO.0000000000000770
33859118,Precision nutrition based on phenotypical traits and the (epi)genotype: nutrigenetic and nutrigenomic approaches for obesity care,"Ramos-Lopez O, Milton-Laskibar I, Martínez JA; Collaborators: Rodrigo San-Cristobal and Maria P. Portillo.",Ramos-Lopez O,Curr Opin Clin Nutr Metab Care,2021,16/04/2021,,,10.1097/MCO.0000000000000754
38541714,Lifestyle-Driven Variations in Nutrimiromic MicroRNA Expression Patterns across and beyond Genders,"Pointner A, Krammer UDB, Tomeva E, Magnet U, Hippe B, Jacob U, Haslberger AG.",Pointner A,Life (Basel),2024,28/03/2024,PMC10971939,,10.3390/life14030390
37437419,The role of the Mediterranean diet in modulating the gut microbiome: A review of current evidence,"Gundogdu A, Nalbantoglu OU.",Gundogdu A,Nutrition,2023,12/07/2023,,,10.1016/j.nut.2023.112118
37242248,Impact of Dietary Fiber on Inflammation and Insulin Resistance in Older Patients: A Narrative Review,"Niero M, Bartoli G, De Colle P, Scarcella M, Zanetti M.",Niero M,Nutrients,2023,27/05/2023,PMC10220584,,10.3390/nu15102365
37052499,"Sustainable, Insoluble, and Photonic Cellulose Nanocrystal Patches for Calcium Ion Sensing in Sweat","Li Q, He C, Wang C, Huang Y, Yu J, Wang C, Li W, Zhang X, Zhang F, Qing G.",Li Q,Small,2023,13/04/2023,,,10.1002/smll.202207932
36501083,Role of Circadian Clock on the Pathogenesis and Lifestyle Management in Non-Alcoholic Fatty Liver Disease,"Perez-Diaz-Del-Campo N, Castelnuovo G, Caviglia GP, Armandi A, Rosso C, Bugianesi E.",Perez-Diaz-Del-Campo N,Nutrients,2022,11/12/2022,PMC9736115,,10.3390/nu14235053
35776164,Label-Free Electrochemical Immunosensor Made with Tree-like Gold Dendrites for Monitoring 25-Hydroxyvitamin D3 Metabolite,"Martins TS, Bott-Neto JL, Machado SAS, Oliveira ON Jr.",Martins TS,ACS Appl Mater Interfaces,2022,01/07/2022,,,10.1021/acsami.2c08381
34071268,Beyond Nutrient Deficiency-Opportunities to Improve Nutritional Status and Promote Health Modernizing DRIs and Supplementation Recommendations,"McBurney MI, Blumberg JB, Costello RB, Eggersdorfer M, Erdman JW Jr, Harris WS, Johnson EJ, Hazels Mitmesser S, Post RC, Rai D, Schurgers LJ.",McBurney MI,Nutrients,2021,02/06/2021,PMC8229216,,10.3390/nu13061844
31782487,Perspective: Metabotyping-A Potential Personalized Nutrition Strategy for Precision Prevention of Cardiometabolic Disease,"Palmnäs M, Brunius C, Shi L, Rostgaard-Hansen A, Torres NE, González-Domínguez R, Zamora-Ros R, Ye YL, Halkjær J, Tjønneland A, Riccardi G, Giacco R, Costabile G, Vetrani C, Nielsen J, Andres-Lacueva C, Landberg R.",Palmnäs M,Adv Nutr,2020,30/11/2019,PMC7231594,,10.1093/advances/nmz121
37897982,Effect of low-and non-calorie sweeteners on the gut microbiota: A review of clinical trials and cross-sectional studies,"Gauthier E, Milagro FI, Navas-Carretero S.",Gauthier E,Nutrition,2024,28/10/2023,,,10.1016/j.nut.2023.112237
37396060,Harnessing the Magic of the Dairy Matrix for Next-Level Health Solutions: A Summary of a Symposium Presented at Nutrition 2022,"Unger AL, Astrup A, Feeney EL, Holscher HD, Gerstein DE, Torres-Gonzalez M, Brown K.",Unger AL,Curr Dev Nutr,2023,03/07/2023,PMC10310465,,10.1016/j.cdnut.2023.100105
37335106,Crosstalk between dietary pomegranate and gut microbiota: evidence of health benefits,"Yin Y, Martínez R, Zhang W, Estévez M.",Yin Y,Crit Rev Food Sci Nutr,2023,19/06/2023,,,10.1080/10408398.2023.2219763
36981168,Artificial Intelligence in Food Safety: A Decade Review and Bibliometric Analysis,"Liu Z, Wang S, Zhang Y, Feng Y, Liu J, Zhu H.",Liu Z,Foods,2023,29/03/2023,PMC10048131,,10.3390/foods12061242
36113981,Diet fuelling inflammatory bowel diseases: preclinical and clinical concepts,"Adolph TE, Zhang J.",Adolph TE,Gut,2022,16/09/2022,PMC9664119,,10.1136/gutjnl-2021-326575
34073649,Personalized Nutrition Approach in Pregnancy and Early Life to Tackle Childhood and Adult Non-Communicable Diseases,"Alabduljabbar S, Zaidan SA, Lakshmanan AP, Terranegra A.",Alabduljabbar S,Life (Basel),2021,02/06/2021,PMC8224671,,10.3390/life11060467
33521551,"Closing the gap: data-based decisions in food, nutrition and health systems: proceedings of the Fifth International Summit on Medical and Public Health Nutrition Education and Research","Laur C, Johnsen JT, Bradfield J, Eden T, Mitra S, Ray S.",Laur C,BMJ Nutr Prev Health,2020,01/02/2021,PMC7841819,,10.1136/bmjnph-2020-000118
38591653,Artificial intelligence in clinical nutrition and dietetics: A brief overview of current evidence,Atwal K.,Atwal K,Nutr Clin Pract,2024,09/04/2024,,,10.1002/ncp.11150
36079722,Effects of the Long-Term Consumption of a High-Sucrose Diet on microRNA Expression in Visceral Adipose Tissue of Rats,"Fernandes IC, Santos TAP, Oliveira DT, Oliveira VF, Sousa GG, Pereira LS, Barboza NR, Evangelista EA, Guerra-Sá R.",Fernandes IC,Nutrients,2022,09/09/2022,PMC9460050,,10.3390/nu14173465
33882811,Epigenetics in Necrotizing Enterocolitis,"Nair J, Maheshwari A.",Nair J,Curr Pediatr Rev,2021,22/04/2021,,,10.2174/1573396317666210421110608
33669364,Precision Medicine and Public Health: New Challenges for Effective and Sustainable Health,"Traversi D, Pulliero A, Izzotti A, Franchitti E, Iacoviello L, Gianfagna F, Gialluisi A, Izzi B, Agodi A, Barchitta M, Calabrò GE, Hoxhaj I, Sassano M, Sbrogiò LG, Del Sole A, Marchiori F, Pitini E, Migliara G, Marzuillo C, De Vito C, Tamburro M, Sammarco ML, Ripabelli G, Villari P, Boccia S.",Traversi D,J Pers Med,2021,06/03/2021,PMC7920275,,10.3390/jpm11020135
32168971,"Nutrition, Health, and Disease: Role of Selected Marine and Vegetal Nutraceuticals","Corzo L, Fernández-Novoa L, Carrera I, Martínez O, Rodríguez S, Alejo R, Cacabelos R.",Corzo L,Nutrients,2020,15/03/2020,PMC7146393,,10.3390/nu12030747
31779001,Prevention of Potential Adverse Metabolic Effects of a Supplementation with Omega-3 Fatty Acids Using a Genetic Score Approach,"Franck M, de Toro-Martín J, Guénard F, Rudkowska I, Lemieux S, Lamarche B, Couture P, Vohl MC.",Franck M,Lifestyle Genom,2020,29/11/2019,,,10.1159/000504022
35920204,Physiopathology of nonalcoholic fatty liver disease: from diet to nutrigenomics,"Meneghel P, Pinto E, Russo FP.",Meneghel P,Curr Opin Clin Nutr Metab Care,2022,03/08/2022,PMC10878452,,10.1097/MCO.0000000000000859
35840210,Dietary strategies with anti-aging potential: Dietary patterns and supplements,"Duan H, Pan J, Guo M, Li J, Yu L, Fan L.",Duan H,Food Res Int,2022,15/07/2022,,,10.1016/j.foodres.2022.111501
35340996,Potential Benefits of Nutraceuticals for Oxidative Stress Management,"Anand S, Bharadvaja N.",Anand S,Rev Bras Farmacogn,2022,28/03/2022,PMC8938968,,10.1007/s43450-022-00246-w
35215417,Genetic Biomarkers of Metabolic Detoxification for Personalized Lifestyle Medicine,"Aronica L, Ordovas JM, Volkov A, Lamb JJ, Stone PM, Minich D, Leary M, Class M, Metti D, Larson IA, Contractor N, Eck B, Bland JS.",Aronica L,Nutrients,2022,26/02/2022,PMC8876337,,10.3390/nu14040768
34959983,Nutrigenomic Studies on the Ameliorative Effect of Enzyme-Digested Phycocyanin in Alzheimer's Disease Model Mice,"Imai Y, Koseki Y, Hirano M, Nakamura S.",Imai Y,Nutrients,2021,28/12/2021,PMC8707209,,10.3390/nu13124431
33923499,Enhancing the Nutritional Value of Red Meat through Genetic and Feeding Strategies,"Juárez M, Lam S, Bohrer BM, Dugan MER, Vahmani P, Aalhus J, Juárez A, López-Campos O, Prieto N, Segura J.",Juárez M,Foods,2021,30/04/2021,PMC8073878,,10.3390/foods10040872
32545252,Science and Healthy Meals in the World: Nutritional Epigenomics and Nutrigenetics of the Mediterranean Diet,"Caradonna F, Consiglio O, Luparello C, Gentile C.",Caradonna F,Nutrients,2020,18/06/2020,PMC7353392,,10.3390/nu12061748
32517297,The Role of Nutri(epi)genomics in Achieving the Body's Full Potential in Physical Activity,"Petracci I, Gabbianelli R, Bordoni L.",Petracci I,Antioxidants (Basel),2020,11/06/2020,PMC7346155,,10.3390/antiox9060498
35227568,"E-series resolvin metabolome, biosynthesis and critical role of stereochemistry of specialized pro-resolving mediators (SPMs) in inflammation-resolution: Preparing SPMs for long COVID-19, human clinical trials, and targeted precision nutrition","Serhan CN, Libreros S, Nshimiyimana R.",Serhan CN,Semin Immunol,2022,01/03/2022,PMC8847098,,10.1016/j.smim.2022.101597
36332181,Performance and nutrigenomics modulations in response to the inclusion of biologically treated date-palm mulch and enzyme mixture in the diets of growing rabbits,"Helal MM, Sakr OG, Sadik MW, Radwan MA, Khattab MS, El-Manylawi MA.",Helal MM,Anim Biotechnol,2023,04/11/2022,,,10.1080/10495398.2022.2140055
36164404,Lactobacilli: Legal Regulation and Prospects for New Generation Drugs,"Yunes RA, Poluektova EU, Belkina TV, Danilenko VN.",Yunes RA,Appl Biochem Microbiol,2022,27/09/2022,PMC9492457,,10.1134/S0003683822050179
38539968,Fetal Programming Influence on Microbiome Diversity and Ruminal and Cecal Epithelium in Beef Cattle,"Dias EFF, de Carvalho FE, Polizel GHG, Cançado FACQ, Furlan É, Fernandes AC, Schalch Júnior FJ, Santos GEC, Ferraz JBS, Santana MHA.",Dias EFF,Animals (Basel),2024,28/03/2024,PMC10967552,,10.3390/ani14060870
36625764,Nutrigenomics in Parkinson's disease: diversity of modulatory actions of polyphenols on epigenetic effects induced by toxins,"Rodrigues-Costa M, Fernandes MSS, Jurema-Santos GC, Gonçalves LVDP, Andrade-da-Costa BLDS.",Rodrigues-Costa M,Nutr Neurosci,2023,10/01/2023,,,10.1080/1028415X.2021.2017662
35483787,Effects of dietary interventions on telomere dynamics,"Ng GY, Hande V, Ong MH, Wong BW, Loh ZW, Ho WD, Handison LB, Tan IMP, Fann DY, Arumugam TV, Hande MP.",Ng GY,Mutat Res Genet Toxicol Environ Mutagen,2022,28/04/2022,,,10.1016/j.mrgentox.2022.503472
34048642,Molecular Determinants of the Cardiometabolic Improvements of Dietary Flavanols Identified by an Integrative Analysis of Nutrigenomic Data from a Systematic Review of Animal Studies,"Monfoulet LE, Ruskovska T, Ajdžanović V, Havlik J, Vauzour D, Bayram B, Krga I, Corral-Jara KF, Kistanova E, Abadjieva D, Massaro M, Scoditti E, Deligiannidou E, Kontogiorgis C, Arola-Arnal A, van Schothorst EM, Morand C, Milenkovic D.",Monfoulet LE,Mol Nutr Food Res,2021,28/05/2021,,,10.1002/mnfr.202100227
32455695,Genetic and Physiological Factors Affecting Human Milk Production and Composition,"Golan Y, Assaraf YG.",Golan Y,Nutrients,2020,28/05/2020,PMC7284811,,10.3390/nu12051500
32429348,Nutraceutical Activity in Osteoarthritis Biology: A Focus on the Nutrigenomic Role,"D'Adamo S, Cetrullo S, Panichi V, Mariani E, Flamigni F, Borzì RM.",D'Adamo S,Cells,2020,21/05/2020,PMC7291002,,10.3390/cells9051232
32012749,Knowledge and Attitudes Towards Nutrigenetics: Findings from the 2018 Unified Forces Preventive Nutrition Conference (UFPN),"Kaufman-Shriqui V, Salem H, Boaz M, Birk R.",Kaufman-Shriqui V,Nutrients,2020,05/02/2020,PMC7071140,,10.3390/nu12020335
38437939,Construction of nanoparticles from blueberry anthocyanins-lecithin/gum Arabic improves lipid droplet accumulation and gut microbiota disturbance in HFD-induced obese mice,"Cheng Z, Wei W, Chen Y, Xu A, Wang Y, Li B.",Cheng Z,Int J Biol Macromol,2024,04/03/2024,,,10.1016/j.ijbiomac.2024.130595
38395008,The groundbreaking impact of digitalization and artificial intelligence in sheep farming,"Arshad MF, Burrai GP, Varcasia A, Sini MF, Ahmed F, Lai G, Polinas M, Antuofermo E, Tamponi C, Cocco R, Corda A, Parpaglia MLP.",Arshad MF,Res Vet Sci,2024,23/02/2024,,,10.1016/j.rvsc.2024.105197
36484466,Blood metabolite profiles linking dietary patterns with health-Toward precision nutrition,"Noerman S, Landberg R.",Noerman S,J Intern Med,2023,09/12/2022,,,10.1111/joim.13596
35276817,Association between FADS Gene Expression and Polyunsaturated Fatty Acids in Breast Milk,"Tian H, Yu H, Lin Y, Li Y, Xu W, Chen Y, Liu G, Xie L.",Tian H,Nutrients,2022,12/03/2022,PMC8839397,,10.3390/nu14030457
33723359,Sex-specific genetic architecture in response to American and ketogenic diets,"Salvador AC, Arends D, Barrington WT, Elsaadi AM, Brockmann GA, Threadgill DW.",Salvador AC,Int J Obes (Lond),2021,16/03/2021,PMC8159743,NIHMS1669671,10.1038/s41366-021-00785-7
33671569,Nutritional Components in Western Diet Versus Mediterranean Diet at the Gut Microbiota-Immune System Interplay. Implications for Health and Disease,"García-Montero C, Fraile-Martínez O, Gómez-Lahoz AM, Pekarek L, Castellanos AJ, Noguerales-Fraguas F, Coca S, Guijarro LG, García-Honduvilla N, Asúnsolo A, Sanchez-Trujillo L, Lahera G, Bujan J, Monserrat J, Álvarez-Mon M, Álvarez-Mon MA, Ortega MA.",García-Montero C,Nutrients,2021,06/03/2021,PMC7927055,,10.3390/nu13020699
38734078,Human MicroRNAs Modulated by Diet: A Scoping Review,"Chodur GM, Steinberg FM.",Chodur GM,Adv Nutr,2024,11/05/2024,PMC11150912,,10.1016/j.advnut.2024.100241
38368117,Unveiling the breadmaking transformation: Structural and functional insights into Arabinoxylan,"Xiao M, Jia X, Kang J, Liu Y, Zhang J, Jiang Y, Liu G, Cui SW, Guo Q.",Xiao M,Carbohydr Polym,2024,17/02/2024,,,10.1016/j.carbpol.2024.121845
37764683,The Role of Lipids in the Regulation of Immune Responses,"Garcia C, Andersen CJ, Blesso CN.",Garcia C,Nutrients,2023,28/09/2023,PMC10535783,,10.3390/nu15183899
37158137,Longitudinal self-learning of individualized treatment rules in a nutrient supplementation trial with missing data,"Zhou Y, Song PXK.",Zhou Y,Stat Med,2023,09/05/2023,,,10.1002/sim.9766
33880901,Nutri-epigenetics: the effect of maternal diet and early nutrition on the pathogenesis of autoimmune diseases,"Bangarusamy DK, Lakshmanan AP, Al-Zaidan S, Alabduljabbar S, Terranegra A.",Bangarusamy DK,Minerva Pediatr (Torino),2021,21/04/2021,,,10.23736/S2724-5276.20.06166-6
38785965,"Biological Rhythms, Chrono-Nutrition, and Gut Microbiota: Epigenomics Insights for Precision Nutrition and Metabolic Health","de Oliveira Melo NC, Cuevas-Sierra A, Souto VF, Martínez JA.",de Oliveira Melo NC,Biomolecules,2024,24/05/2024,PMC11117887,,10.3390/biom14050559
36943155,Heterogeneity in the response to n-3 polyunsaturated fatty acids,"Shaikh SR, Bazinet RP.",Shaikh SR,Curr Opin Clin Nutr Metab Care,2023,21/03/2023,PMC10794042,NIHMS1878591,10.1097/MCO.0000000000000930
36918961,NEMoE: a nutrition aware regularized mixture of experts model to identify heterogeneous diet-microbiome-host health interactions,"Xu X, Lubomski M, Holmes AJ, Sue CM, Davis RL, Muller S, Yang JYH.",Xu X,Microbiome,2023,15/03/2023,PMC10015776,,10.1186/s40168-023-01475-4
36427956,Interactions between the gut microbiome and ketogenic diet in refractory epilepsy,"Özcan E, Lum GR, Hsiao EY.",Özcan E,Int Rev Neurobiol,2022,25/11/2022,,,10.1016/bs.irn.2022.06.002
35881882,Metabolomics-Guided Comparison of Pollen and Microalgae-Based Artificial Diets in Honey Bees,"Ricigliano VA, Cank KB, Todd DA, Knowles SL, Oberlies NH.",Ricigliano VA,J Agric Food Chem,2022,26/07/2022,PMC9372997,,10.1021/acs.jafc.2c02583
34999744,Perspective: A Framework for Addressing Dynamic Food Consumption Processes,"Taylor JC, Allman-Farinelli M, Chen J, Gauglitz JM, Hamideh D, Jankowska MM, Johnson AJ, Rangan A, Spruijt-Metz D, Yang JA, Hekler E.",Taylor JC,Adv Nutr,2022,09/01/2022,PMC9340970,,10.1093/advances/nmab156
38781288,Nutrigenetic and Epigenetic Mechanisms of Maternal Nutrition-Induced Glucolipid Metabolism Changes in the Offspring,"Jiao P, Lu H, Hao L, Degen AA, Cheng J, Yin Z, Mao S, Xue Y.",Jiao P,Nutr Rev,2024,23/05/2024,,,10.1093/nutrit/nuae048
38763626,Efficacy of amino acids in sports nutrition- review of clinical evidences,"Duttagupta S, Krishna Roy N, Dey G.",Duttagupta S,Food Res Int,2024,19/05/2024,,,10.1016/j.foodres.2024.114311
37559960,Prescribing diabetes nutrition therapy: a qualitative study of dietitians' experiences of carbohydrate restriction in Canada,"Viljoen A, Yu K, Witchell E, Conklin AI.",Viljoen A,BMJ Nutr Prev Health,2023,10/08/2023,PMC10407345,,10.1136/bmjnph-2022-000532
37432169,Sex Differences in the Bitterness Perception of an Aromatic Myrtle Bitter Liqueur and Bitter Compounds,"Rosa A, Pinna I, Piras A, Porcedda S, Masala C.",Rosa A,Nutrients,2023,11/07/2023,PMC10181268,,10.3390/nu15092030
37408570,"The evolution of folate supplementation - from one size for all to personalized, precision, poly-paths","He Q, Li J.",He Q,J Transl Int Med,2023,06/07/2023,PMC10318921,,10.2478/jtim-2023-0087
36558512,Precision Nutrition in NAFLD: Effects of a High-Fiber Intervention on the Serum Metabolome of NAFD Patients-A Pilot Study,"Stachowska E, Maciejewska-Markiewicz D, Palma J, Mielko KA, Qasem B, Kozłowska-Petriczko K, Ufnal M, Sokolowska KE, Hawryłkowicz V, Załęska P, Jakubczyk K, Wunsch E, Ryterska K, Skonieczna-Żydecka K, Młynarz P.",Stachowska E,Nutrients,2022,23/12/2022,PMC9787857,,10.3390/nu14245355
36398862,Reproducible changes in the anorexia nervosa gut microbiota following inpatient therapy remain distinct from non-eating disorder controls,"Fouladi F, Bulik-Sullivan EC, Glenny EM, Thornton LM, Reed KK, Thomas S, Kleiman S, Watters A, Oakes J, Huh EY, Tang Q, Liu J, Djukic Z, Harper L, Trillo-Ordoñez Y, Sun S, Blakely I, Mehler PS, Fodor AA, Tarantino LM, Bulik CM, Carroll IM.",Fouladi F,Gut Microbes,2022,18/11/2022,PMC9678007,,10.1080/19490976.2022.2143217
35679067,Role of Ketogenic Diets in Multiple Sclerosis and Related Animal Models: An Updated Review,"Lin WS, Lin SJ, Liao PY, Suresh D, Hsu TR, Wang PY.",Lin WS,Adv Nutr,2022,09/06/2022,PMC9526852,,10.1093/advances/nmac065
34899599,The Leptin System and Diet: A Mini Review of the Current Evidence,"Mendoza-Herrera K, Florio AA, Moore M, Marrero A, Tamez M, Bhupathiraju SN, Mattei J.",Mendoza-Herrera K,Front Endocrinol (Lausanne),2021,13/12/2021,PMC8651558,,10.3389/fendo.2021.749050
34889802,Dietary factors and brain health,"Lefèvre-Arbogast S, Thomas A, Samieri C.",Lefèvre-Arbogast S,Curr Opin Lipidol,2022,10/12/2021,,,10.1097/MOL.0000000000000803
32493715,"Starch Digestion-Related Amylase Genetic Variants, Diet, and Changes in Adiposity: Analyses in Prospective Cohort Studies and a Randomized Dietary Intervention","Heianza Y, Zhou T, Yuhang C, Huang T, Willett WC, Hu FB, Bray GA, Sacks FM, Qi L.",Heianza Y,Diabetes,2020,05/06/2020,PMC7458037,,10.2337/db19-1257
37788525,Unveiling the future of metabolic medicine: omics technologies driving personalized solutions for precision treatment of metabolic disorders,"Singh S, Sarma DK, Verma V, Nagpal R, Kumar M.",Singh S,Biochem Biophys Res Commun,2023,03/10/2023,,,10.1016/j.bbrc.2023.09.064
37686253,The Rationale for Sulforaphane Favourably Influencing Gut Homeostasis and Gut-Organ Dysfunction: A Clinician's Hypothesis,Houghton CA.,Houghton CA,Int J Mol Sci,2023,09/09/2023,PMC10487861,,10.3390/ijms241713448
36685884,Genetic heritability as a tool to evaluate the precision of 24-hour recall dietary questionnaire variables in UK Biobank,"Cole JB, Westerman KE, Manning AK, Florez JC, Hirschhorn JN.",Cole JB,Front Genet,2023,23/01/2023,PMC9845390,,10.3389/fgene.2022.1070511
35736408,Folate Related Pathway Gene Analysis Reveals a Novel Metabolic Variant Associated with Alzheimer's Disease with a Change in Metabolic Profile,"Miyan J, Buttercase C, Beswick E, Miyan S, Moshkdanian G, Naz N.",Miyan J,Metabolites,2022,23/06/2022,PMC9230919,,10.3390/metabo12060475
35725871,Effect of dietary soybean oil inclusion on liver-related transcription factors in a pig model for metabolic diseases,"Fanalli SL, da Silva BPM, Gomes JD, Ciconello FN, de Almeida VV, Freitas FAO, Moreira GCM, Silva-Vignato B, Afonso J, Reecy J, Koltes J, Koltes D, Regitano LCA, de Carvalho Baileiro JC, Freitas L, Coutinho LL, Fukumasu H, de Alencar SM, Luchiari Filho A, Cesar ASM.",Fanalli SL,Sci Rep,2022,21/06/2022,PMC9209463,,10.1038/s41598-022-14069-1
35042577,"Sex differences in vitamin D metabolism, serum levels and action","Wierzbicka A, Oczkowicz M.",Wierzbicka A,Br J Nutr,2022,19/01/2022,,,10.1017/S0007114522000149
34438751,Adaptation of Livestock to New Diets Using Feed Components without Competition with Human Edible Protein Sources-A Review of the Possibilities and Recommendations,"Te Pas MFW, Veldkamp T, de Haas Y, Bannink A, Ellen ED.",Te Pas MFW,Animals (Basel),2021,27/08/2021,PMC8388495,,10.3390/ani11082293
32436425,"Polyphenols and obesity prevention: critical insights on molecular regulation, bioavailability and dose in preclinical and clinical settings","Stefania S, Clodoveo ML, Cariello M, D'Amato G, Franchini C, Faienza MF, Corbo F.",Stefania S,Crit Rev Food Sci Nutr,2021,22/05/2020,,,10.1080/10408398.2020.1765736
37891924,Effects of Functional and Nutraceutical Foods in the Context of the Mediterranean Diet in Patients Diagnosed with Breast Cancer,"Flore G, Deledda A, Lombardo M, Armani A, Velluzzi F.",Flore G,Antioxidants (Basel),2023,28/10/2023,PMC10603973,,10.3390/antiox12101845
37389759,The Influence of Single Nucleotide Polymorphisms On Body Weight Trajectory After Bariatric Surgery: A Systematic Review,"Duarte ACS, da Silva NR, Santos Gonçalves VS, Corgosinho FC, de Carvalho KMB, Horst MA.",Duarte ACS,Curr Obes Rep,2023,30/06/2023,,,10.1007/s13679-023-00514-3
36837878,Impacts of Different Prenatal Supplementation Strategies on the Plasma Metabolome of Bulls in the Rearing and Finishing Phase,"Polizel GHG, Fernandes AC, Furlan É, Prati BCT, Ferraz JBS, Santana MHA.",Polizel GHG,Metabolites,2023,25/02/2023,PMC9960736,,10.3390/metabo13020259
35490412,"Diet, Trimethylamine Metabolism, and Mitochondrial DNA: An Observational Study","Bordoni L, Malinowska AM, Petracci I, Szwengiel A, Gabbianelli R, Chmurzynska A.",Bordoni L,Mol Nutr Food Res,2022,01/05/2022,,,10.1002/mnfr.202200003
34836125,Plasma Carotenoids and Premenstrual Symptoms in a Multi-Ethnic Population of Young Women,"Kerzner S, Zeitoun T, Jarosz A, Garcia-Bailo B, El-Sohemy A.",Kerzner S,Nutrients,2021,27/11/2021,PMC8618911,,10.3390/nu13113870
33557421,The Effects of Continual Consumption of Origanum vulgare on Liver Transcriptomics,"Bajagai YS, Radovanovic A, Steel JC, Stanley D.",Bajagai YS,Animals (Basel),2021,09/02/2021,PMC7915382,,10.3390/ani11020398
33548761,Metabolic pathways in sporadic colorectal carcinogenesis: A new proposal,"Caramujo-Balseiro S, Faro C, Carvalho L.",Caramujo-Balseiro S,Med Hypotheses,2021,06/02/2021,,,10.1016/j.mehy.2021.110512
32971836,Associations between Genotype-Diet Interactions and Weight Loss-A Systematic Review,"Bayer S, Winkler V, Hauner H, Holzapfel C.",Bayer S,Nutrients,2020,25/09/2020,PMC7551578,,10.3390/nu12092891
38731592,Phenolic Compounds Profile and Antioxidant Capacity of Plant-Based Protein Supplements,"Sawicki T, Jabłońska M, Danielewicz A, Przybyłowicz KE.",Sawicki T,Molecules,2024,11/05/2024,PMC11085232,,10.3390/molecules29092101
34855031,"Transcriptomic Profiling and Microsatellite Identification in Cobia (Rachycentron canadum), Using High-Throughput RNA Sequencing","Aciole Barbosa D, Araújo BC, Branco GS, Simeone AS, Hilsdorf AWS, Jabes DL, Nunes LR, Moreira RG, Menegidio FB.",Aciole Barbosa D,Mar Biotechnol (NY),2022,02/12/2021,,,10.1007/s10126-021-10081-0
34751072,Comprehensive review on signaling pathways of dietary saponins in cancer cells suppression,"Zhou Y, Farooqi AA, Xu B.",Zhou Y,Crit Rev Food Sci Nutr,2023,09/11/2021,,,10.1080/10408398.2021.2000933
32230794,"Genes and Eating Preferences, Their Roles in Personalized Nutrition","Vesnina A, Prosekov A, Kozlova O, Atuchin V.",Vesnina A,Genes (Basel),2020,02/04/2020,PMC7230842,,10.3390/genes11040357
36286334,Recommending ultra-processed oral nutrition supplements for unintentional weight loss: Are there risks?,"Rivero-Mendoza D, Caldwell CL, Cooper H, Goldberg J, Lamothe M, Logan S, Smith EB, Torna E, Zeldman JA, Dahl WJ.",Rivero-Mendoza D,Nutr Clin Pract,2023,26/10/2022,PMC10092420,,10.1002/ncp.10921
35859755,Effects of Zymosan on Short-Chain Fatty Acid and Gas Production in in vitro Fermentation Models of the Human Intestinal Microbiota,"Pi X, Yu Z, Yang X, Du Z, Liu W.",Pi X,Front Nutr,2022,21/07/2022,PMC9291218,,10.3389/fnut.2022.921137
34836148,Effect of Gut Microbial Enterotypes on the Association between Habitual Dietary Fiber Intake and Insulin Resistance Markers in Mexican Children and Adults,"Martinez-Medina JN, Flores-Lopez R, López-Contreras BE, Villamil-Ramirez H, Guzman-Muñoz D, Macias-Kauffer LR, León-Mimila P, Granados-Portillo O, Del-Rio-Navarro BE, Gómez-Perez FJ, Aguilar-Salinas CA, Torres N, Tovar AR, Canizales-Quinteros S, Moran-Ramos S.",Martinez-Medina JN,Nutrients,2021,27/11/2021,PMC8625328,,10.3390/nu13113892
33559845,Gut Microbiome and Precision Nutrition in Heart Failure: Hype or Hope?,"Chaikijurajai T, Tang WHW.",Chaikijurajai T,Curr Heart Fail Rep,2021,09/02/2021,,,10.1007/s11897-021-00503-4
32522087,Nuclear Magnetic Resonance-Based Metabolomic Comparison of Breast Milk and Organic and Traditional Formula Milk Brands for Infants and Toddlers,"Meoni G, Tenori L, Luchinat C.",Meoni G,OMICS,2020,12/06/2020,,,10.1089/omi.2019.0125
38892710,Reciprocal and Differential Influences of Mediterranean Diet and Physical Activity on Adiposity in a Cohort of Young and Older than 40 Years Adults,"Higuera-Gómez A, de Cuevillas B, Ribot-Rodríguez R, San-Cristobal R, de la O V, Dos Santos K, Cuevas-Sierra A, Martínez JA.",Higuera-Gómez A,Nutrients,2024,19/06/2024,PMC11175043,,10.3390/nu16111777
38683435,In vitro and in vivo fermentation models to study the function of dietary fiber in pig nutrition,"Huangfu W, Cao S, Li S, Zhang S, Liu M, Liu B, Zhu X, Cui Y, Wang Z, Zhao J, Shi Y.",Huangfu W,Appl Microbiol Biotechnol,2024,29/04/2024,PMC11058960,,10.1007/s00253-024-13148-9
33606879,Perspective: Big Data and Machine Learning Could Help Advance Nutritional Epidemiology,"Morgenstern JD, Rosella LC, Costa AP, de Souza RJ, Anderson LN.",Morgenstern JD,Adv Nutr,2021,19/02/2021,PMC8166570,,10.1093/advances/nmaa183
38970937,Nutrition for the older adult - Current concepts. Report from an ESPEN symposium,"Volkert D, Delzenne N, Demirkan K, Schneider S, Abbasoglu O, Bahat G, Barazzoni R, Bauer J, Cuerda C, de van der Schueren M, Doganay M, Halil M, Lehtisalo J, Piccoli GB, Rolland Y, Sengul Aycicek G, Visser M, Wickramasinghe K, Wirth R, Wunderle C, Zanetti M, Cederholm T.",Volkert D,Clin Nutr,2024,06/07/2024,,,10.1016/j.clnu.2024.06.020
37457834,Dietary fiber modulates gut microbiome and metabolome in a host sex-specific manner in a murine model of aging,"Kadyan S, Park G, Wang B, Nagpal R.",Kadyan S,Front Mol Biosci,2023,17/07/2023,PMC10345844,,10.3389/fmolb.2023.1182643
37153918,Applying a nutrition security lens to the Dietary Guidelines for Americans to address metabolic health,"Volek JS, Clinthorne J, S Yancy W Jr.",Volek JS,Front Nutr,2023,08/05/2023,PMC10162118,,10.3389/fnut.2023.1141859
37039877,Brazilian guide to nutrition in bariatric and metabolic surgery,"Pereira SE, Rossoni C, Cambi MPC, Faria SL, Mattos FCC, De Campos TBF, Petry TBZ, Da Silva SA, Pereira AZ, Umeda LM, Nogueira C, De Araújo Burgos MGP, Magro DO.",Pereira SE,Langenbecks Arch Surg,2023,11/04/2023,,,10.1007/s00423-023-02868-7
36660362,Personalized Dietary Regimens for Inflammatory Bowel Disease: Current Knowledge and Future Perspectives,"Wellens J, Vissers E, Matthys C, Vermeire S, Sabino J.",Wellens J,Pharmgenomics Pers Med,2023,20/01/2023,PMC9842524,,10.2147/PGPM.S359365
35627031,Novel Thermostable Heparinase Based on the Genome of Bacteroides Isolated from Human Gut Microbiota,"Zhang C, Yu L, Zhai Q, Zhao R, Wang C, Zhao J, Zhang H, Chen W, Tian F.",Zhang C,Foods,2022,28/05/2022,PMC9141863,,10.3390/foods11101462
33802173,Natural Extracts to Augment Energy Expenditure as a Complementary Approach to Tackle Obesity and Associated Metabolic Alterations,"Reguero M, Gómez de Cedrón M, Reglero G, Quintela JC, Ramírez de Molina A.",Reguero M,Biomolecules,2021,03/04/2021,PMC7999034,,10.3390/biom11030412
33435565,Molecular Differences Based on Erythrocyte Fatty Acid Profile to Personalize Dietary Strategies between Adults and Children with Obesity,"Jauregibeitia I, Portune K, Gaztambide S, Rica I, Tueros I, Velasco O, Grau G, Martín A, Castaño L, Larocca AV, Di Nolfo F, Ferreri C, Arranz S.",Jauregibeitia I,Metabolites,2021,13/01/2021,PMC7827034,,10.3390/metabo11010043
32580458,Sex-Specific Associations between Gut Prevotellaceae and Host Genetics on Adiposity,"Cuevas-Sierra A, Riezu-Boj JI, Guruceaga E, Milagro FI, Martínez JA.",Cuevas-Sierra A,Microorganisms,2020,26/06/2020,PMC7356943,,10.3390/microorganisms8060938
38806467,Gut microbiome remodeling and metabolomic profile improves in response to protein pacing with intermittent fasting versus continuous caloric restriction,"Mohr AE, Sweazea KL, Bowes DA, Jasbi P, Whisner CM, Sears DD, Krajmalnik-Brown R, Jin Y, Gu H, Klein-Seetharaman J, Arciero KM, Gumpricht E, Arciero PJ.",Mohr AE,Nat Commun,2024,28/05/2024,PMC11133430,,10.1038/s41467-024-48355-5
37742886,Size-controllable food-grade nanoparticles based on sea cucumber polypeptide with good anti-oxidative capacity to prolong lifespan in tumor-bearing mice,"Huang S, Wang K, Hua Z, Abd El-Aty AM, Tan M.",Huang S,Int J Biol Macromol,2023,24/09/2023,,,10.1016/j.ijbiomac.2023.127039
37587732,Mass spectrometry as a lens into molecular human nutrition and health,Kussmann M.,Kussmann M,Eur J Mass Spectrom (Chichester),2023,17/08/2023,,,10.1177/14690667231193555
35421213,Epigenetic Effects of Healthy Foods and Lifestyle Habits from the Southern European Atlantic Diet Pattern: A Narrative Review,"Lorenzo PM, Izquierdo AG, Rodriguez-Carnero G, Fernández-Pombo A, Iglesias A, Carreira MC, Tejera C, Bellido D, Martinez-Olmos MA, Leis R, Casanueva FF, Crujeiras AB.",Lorenzo PM,Adv Nutr,2022,14/04/2022,PMC9526853,,10.1093/advances/nmac038
35405923,Biomarkers and De Novo Protein Design Can Improve Precise Amino Acid Nutrition in Broilers,"Cambra-López M, Marín-García PJ, Lledó C, Cerisuelo A, Pascual JJ.",Cambra-López M,Animals (Basel),2022,12/04/2022,PMC8997161,,10.3390/ani12070935
34763731,Metabolomics profiles of premenopausal women are different based on O-desmethylangolensin metabotype,"Frankenfeld CL, Maskarinec G, Franke AA.",Frankenfeld CL,Br J Nutr,2022,12/11/2021,PMC9095764,NIHMS1756112,10.1017/S0007114521004463
38964656,Missense genetic variants in major bitter taste receptors are associated with diet quality and food intake in a highly admixed underrepresented population,"R S Leite JM, Ribeiro A, Pereira JL, de Souza CA, Heider D, Soler JMP, Mingroni-Netto RC, Fisberg RM, Rogero MM, Sarti FM.",R S Leite JM,Clin Nutr ESPEN,2024,04/07/2024,,,10.1016/j.clnesp.2024.06.045
35191215,Interindividual variability in response to protein and fish oil supplementation in older adults: a randomized controlled trial,"Murphy CH, Connolly C, Flanagan EM, Mitchelson KAJ, de Marco Castro E, Egan B, Brennan L, Roche HM.",Murphy CH,J Cachexia Sarcopenia Muscle,2022,22/02/2022,PMC8977999,,10.1002/jcsm.12936
34444977,"Soy Consumption, but Not Dairy Consumption, Is Inversely Associated with Fatty Acid Desaturase Activity in Young Adults","Gonzalez-Soto M, Abdelmagid SA, Ma DWL, El-Sohemy A, Mutch DM.",Gonzalez-Soto M,Nutrients,2021,27/08/2021,PMC8400722,,10.3390/nu13082817
32325849,Polymorphism of CLOCK Gene rs3749474 as a Modulator of the Circadian Evening Carbohydrate Intake Impact on Nutritional Status in an Adult Sample,"Camblor Murube M, Borregon-Rivilla E, Colmenarejo G, Aguilar-Aguilar E, Martínez JA, Ramírez De Molina A, Reglero G, Loria-Kohen V.",Camblor Murube M,Nutrients,2020,25/04/2020,PMC7231306,,10.3390/nu12041142
38877354,Glymphatic pathway: An emerging perspective in the pathophysiology of neurodegenerative diseases,"Rehman MU, Sehar N, Rasool I, Aldossari RM, Wani AB, Rashid SM, Wali AF, Ali A, Arafah A, Khan A.",Rehman MU,Int J Geriatr Psychiatry,2024,14/06/2024,,,10.1002/gps.6104
38539804,Nutrigenomics of Natural Antioxidants in Broilers,"Kouvedaki I, Pappas AC, Surai PF, Zoidis E.",Kouvedaki I,Antioxidants (Basel),2024,28/03/2024,PMC10967579,,10.3390/antiox13030270
37375646,"Sulforaphane Combined with Vitamin D Induces Cytotoxicity Mediated by Oxidative Stress, DNA Damage, Autophagy, and JNK/MAPK Pathway Modulation in Human Prostate Tumor Cells","Tuttis K, Machado ART, Santos PWDS, Antunes LMG.",Tuttis K,Nutrients,2023,28/06/2023,PMC10302480,,10.3390/nu15122742
36559076,"Diallyl Disulfide Induces Chemosensitization to Sorafenib, Autophagy, and Cell Cycle Arrest and Inhibits Invasion in Hepatocellular Carcinoma","Machado ART, Tuttis K, Santos PWDS, Aissa AF, Antunes LMG.",Machado ART,Pharmaceutics,2022,23/12/2022,PMC9788602,,10.3390/pharmaceutics14122582
35804531,Differential Gene Expression Associated with Soybean Oil Level in the Diet of Pigs,"Fanalli SL, da Silva BPM, Gomes JD, de Almeida VV, Freitas FAO, Moreira GCM, Silva-Vignato B, Afonso J, Reecy J, Koltes J, Koltes D, de Almeida Regitano LC, Garrick DJ, de Carvalho Balieiro JC, Meira AN, Freitas L, Coutinho LL, Fukumasu H, Mourão GB, de Alencar SM, Luchiari Filho A, Cesar ASM.",Fanalli SL,Animals (Basel),2022,09/07/2022,PMC9265114,,10.3390/ani12131632
34688045,High protein diet-induced metabolic changes are transcriptionally regulated via KLF15-dependent and independent pathways,"Mehrazad Saber Z, Takeuchi Y, Sawada Y, Aita Y, Ho MH, Karkoutly S, Tao D, Katabami K, Ye C, Murayama Y, Shikama A, Masuda Y, Izumida Y, Miyamoto T, Matsuzaka T, Sugasawa T, Takekoshi K, Kawakami Y, Shimano H, Yahagi N.",Mehrazad Saber Z,Biochem Biophys Res Commun,2021,23/10/2021,,,10.1016/j.bbrc.2021.10.027
32710571,Clinical molecular genetics evaluation in women with reproductive failures,"Bilal MY, Katara G, Dambaeva S, Kwak-Kim J, Gilman-Sachs A, Beaman KD.",Bilal MY,Am J Reprod Immunol,2021,26/07/2020,,,10.1111/aji.13313
31658907,Polyphenols in human nutrition: from the in vitro antioxidant capacity to the beneficial effects on cardiometabolic health and related inter-individual variability - an overview and perspective,"Ruskovska T, Maksimova V, Milenkovic D.",Ruskovska T,Br J Nutr,2020,30/10/2019,,,10.1017/S0007114519002733
38396910,Drought-Adapted Mediterranean Diet Plants: A Source of Bioactive Molecules Able to Give Nutrigenomic Effects per sè or to Obtain Functional Foods,"La Scala S, Naselli F, Quatrini P, Gallo G, Caradonna F.",La Scala S,Int J Mol Sci,2024,24/02/2024,PMC10888686,,10.3390/ijms25042235
37571432,Indicaxanthin Induces Autophagy in Intestinal Epithelial Cancer Cells by Epigenetic Mechanisms Involving DNA Methylation,"Ragusa MA, Naselli F, Cruciata I, Volpes S, Schimmenti C, Serio G, Mauro M, Librizzi M, Luparello C, Chiarelli R, La Rosa C, Lauria A, Gentile C, Caradonna F.",Ragusa MA,Nutrients,2023,12/08/2023,PMC10420994,,10.3390/nu15153495
34796133,Direct-to-Consumer Genetic Testing in Korea: Current Status and Significance in Clinical Nutrition,"Lee GY, Han SN.",Lee GY,Clin Nutr Res,2021,19/11/2021,PMC8575646,,10.7762/cnr.2021.10.4.279
34495579,Impact of Fresh Table Grape Intake on Circulating microRNAs Levels in Healthy Subjects: A Significant Modulation of Gastrointestinal Cancer-Related Pathways,"Tutino V, De Nunzio V, Milella RA, Gasparro M, Cisternino AM, Gigante I, Lanzilotta E, Iacovazzi PA, Lippolis A, Lippolis T, Caruso MG, Notarnicola M.",Tutino V,Mol Nutr Food Res,2021,08/09/2021,,,10.1002/mnfr.202100428
32716562,Role of zinc transporter ZIP12 in susceptibility-weighted brain magnetic resonance imaging (MRI) phenotypes and mitochondrial function,"Strong MD, Hart MD, Tang TZ, Ojo BA, Wu L, Nacke MR, Agidew WT, Hwang HJ, Hoyt PR, Bettaieb A, Clarke SL, Smith BJ, Stoecker BJ, Lucas EA, Lin D, Chowanadisai W.",Strong MD,FASEB J,2020,28/07/2020,,,10.1096/fj.202000772R
32592179,l-Arginine supplementation of gilts during early gestation modulates energy sensitive pathways in pig conceptuses,"Garcia IS, Teixeira SA, Costa KA, Marques DBD, Rodrigues GA, Costa TC, Guimarães JD, Otto PI, Saraiva A, Ibelli AMG, Cantão ME, de Oliveira HC, Ledur MC, Peixoto JO, Guimarães SEF.",Garcia IS,Mol Reprod Dev,2020,28/06/2020,,,10.1002/mrd.23397
32468984,From personalised nutrition to precision medicine: the rise of consumer genomics and digital health,Moore JB.,Moore JB,Proc Nutr Soc,2020,30/05/2020,,,10.1017/S0029665120006977
32045503,Inter-Individual Variation in Cancer and Cardiometabolic Health Outcomes in Response to Coffee Consumption: A Critical Review,"Visser E, Geleijnse JM, de Roos B.",Visser E,Mol Nutr Food Res,2020,12/02/2020,,,10.1002/mnfr.201900479
37764741,The Epigenetic Legacy of Maternal Protein Restriction: Renal Ptger1 DNA Methylation Changes in Hypertensive Rat Offspring,"Jia H, Miyoshi M, Li X, Furukawa K, Otani L, Shirahige K, Miura F, Ito T, Kato H.",Jia H,Nutrients,2023,28/09/2023,PMC10535296,,10.3390/nu15183957
37482536,Buckwheat OMICS: present status and future prospects,"Zargar SM, Hami A, Manzoor M, Mir RA, Mahajan R, Bhat KA, Gani U, Sofi NR, Sofi PA, Masi A.",Zargar SM,Crit Rev Biotechnol,2023,23/07/2023,,,10.1080/07388551.2023.2229511
34529114,"Caffeine, genetic variation and anaerobic performance in male athletes: a randomized controlled trial","Sicova M, Guest NS, Tyrrell PN, El-Sohemy A.",Sicova M,Eur J Appl Physiol,2021,16/09/2021,,,10.1007/s00421-021-04799-x
34041258,RNA Sequencing Reveals Key Metabolic Pathways Are Modified by Short-Term Whole Egg Consumption,"Bries AE, Webb JL, Vogel B, Carrillo C, Day TA, Kimber MJ, Valentine RJ, Rowling MJ, Clark S, Schalinske KL, McNeill EM.",Bries AE,Front Nutr,2021,27/05/2021,PMC8141817,,10.3389/fnut.2021.652192
33152487,"Cucurbitacin mediated regulation of deregulated oncogenic signaling cascades and non-coding RNAs in different cancers: Spotlight on JAK/STAT, Wnt/β-catenin, mTOR, TRAIL-mediated pathways","Lin X, Farooqi AA.",Lin X,Semin Cancer Biol,2021,05/11/2020,,,10.1016/j.semcancer.2020.10.012
32427359,Plasma levels of one-carbon metabolism nutrients in women with anorexia nervosa,"Burdo J, Booij L, Kahan E, Thaler L, Israël M, Agellon LB, Nitschmann E, Wykes L, Steiger H.",Burdo J,Int J Eat Disord,2020,20/05/2020,,,10.1002/eat.23292
36407844,Proposing FDA consideration for the treatment and prophylaxis of opioid and psychostimulant abuse to incorporate the induction of DNA guided dopamine homeostasis: Anti-reward deficiency restoration solution (ARDS),"Blum K, Giordano J, Baron D, McLaughlin T, Badgaiyan RD.",Blum K,J Syst Integr Neurosci,2020,21/11/2022,PMC9670280,NIHMS1672848,10.15761/JSIN.1000253
36971408,"Associations Between Dietary Vitamin C, Serum Ascorbic Acid, and GSTT1 Genotype and Premenstrual Symptoms","Zeitoun T, El-Sohemy A.",Zeitoun T,J Am Nutr Assoc,2023,27/03/2023,,,10.1080/27697061.2023.2186963
38156342,Development of a Comprehensive Food Data Citation Standard: A Surprising Gap in the Nutrition Research Literature,"Forester S, Jennings-Dobbs E, Burton-Freeman B.",Forester S,Curr Dev Nutr,2023,29/12/2023,PMC10751823,,10.1016/j.cdnut.2023.102048
38143595,Beyond Diet and Exercise: The Impact of Gut Microbiota on Control of Obesity,"Kamal FD, Dagar M, Reza T, Karim Mandokhail A, Bakht D, Shahzad MW, Silloca-Cabana EO, Mohsin SN, Chilla SP, Bokhari SFH.",Kamal FD,Cureus,2023,25/12/2023,PMC10748854,,10.7759/cureus.49339
36422287,Spirulina platensis Suppressed iNOS and Proinflammatory Cytokines in Lipopolysaccharide-Induced BV2 Microglia,"Ngu EL, Tan CY, Lai NJ, Wong KH, Lim SH, Ming LC, Tan KO, Phang SM, Yow YY.",Ngu EL,Metabolites,2022,24/11/2022,PMC9698046,,10.3390/metabo12111147
35135841,Dietary macronutrients and the gut microbiome: a precision nutrition approach to improve cardiometabolic health,"Jardon KM, Canfora EE, Goossens GH, Blaak EE.",Jardon KM,Gut,2022,09/02/2022,PMC9120404,,10.1136/gutjnl-2020-323715
35106434,"Elevated LDL Cholesterol with a Carbohydrate-Restricted Diet: Evidence for a ""Lean Mass Hyper-Responder"" Phenotype","Norwitz NG, Feldman D, Soto-Mota A, Kalayjian T, Ludwig DS.",Norwitz NG,Curr Dev Nutr,2021,02/02/2022,PMC8796252,,10.1093/cdn/nzab144
33811477,Multiomic Predictors of Short-Term Weight Loss and Clinical Outcomes During a Behavioral-Based Weight Loss Intervention,"Siebert JC, Stanislawski MA, Zaman A, Ostendorf DM, Konigsberg IR, Jambal P, Ir D, Bing K, Wayland L, Scorsone JJ, Lozupone CA, Görg C, Frank DN, Bessesen D, MacLean PS, Melanson EL, Catenacci VA, Borengasser SJ.",Siebert JC,Obesity (Silver Spring),2021,03/04/2021,PMC8085074,NIHMS1668810,10.1002/oby.23127
33323714,Protein intake and renal function in older patients,"Narasaki Y, Rhee CM, Kramer H, Kalantar-Zadeh K.",Narasaki Y,Curr Opin Clin Nutr Metab Care,2021,16/12/2020,,,10.1097/MCO.0000000000000712
35006077,Nutrient and Food Group Prediction as Orchestrated by an Automated Image Recognition System in a Smartphone App (CALO mama): Validation Study,"Sasaki Y, Sato K, Kobayashi S, Asakura K.",Sasaki Y,JMIR Form Res,2022,10/01/2022,PMC8787663,,10.2196/31875
33419325,Nutritional and Behavioral Approaches to Body Composition and Low-Grade Chronic Inflammation Management for Older Adults in the Ordinary and COVID-19 Times,Ilich JZ.,Ilich JZ,Nutrients,2020,09/01/2021,PMC7767148,,10.3390/nu12123898
33194695,Alterations of Lipid Metabolism in Cancer: Implications in Prognosis and Treatment,"Fernández LP, Gómez de Cedrón M, Ramírez de Molina A.",Fernández LP,Front Oncol,2020,16/11/2020,PMC7655926,,10.3389/fonc.2020.577420
32885825,Specialized pro-resolving mediator network: an update on production and actions,"Chiang N, Serhan CN.",Chiang N,Essays Biochem,2020,05/09/2020,PMC7682745,NIHMS1617799,10.1042/EBC20200018
38892481,"Multipanel Approach including miRNAs, Inflammatory Markers, and Depressive Symptoms for Metabolic Dysfunction-Associated Steatotic Liver Disease Diagnosis during 2-Year Nutritional Intervention","Tobaruela-Resola AL, Riezu-Boj JI, Milagro FI, Mogna-Pelaez P, Herrero JI, Elorz M, Benito-Boillos A, Tur JA, Martínez JA, Abete I, Zulet MA.",Tobaruela-Resola AL,Nutrients,2024,19/06/2024,PMC11174705,,10.3390/nu16111547
37634195,"Comparison of Seven Healthy Lifestyle Scores Cardiometabolic Health: Age, Sex, and Lifestyle Interactions in the NutrIMDEA Web-Based Study","Ribot-Rodríguez R, Higuera-Gómez A, San-Cristobal R, Micó V, Martínez JA.",Ribot-Rodríguez R,J Epidemiol Glob Health,2023,27/08/2023,PMC10686948,,10.1007/s44197-023-00140-1
33386081,"Network machine learning maps phytochemically rich ""Hyperfoods"" to fight COVID-19","Laponogov I, Gonzalez G, Shepherd M, Qureshi A, Veselkov D, Charkoftaki G, Vasiliou V, Youssef J, Mirnezami R, Bronstein M, Veselkov K.",Laponogov I,Hum Genomics,2021,02/01/2021,PMC7775839,,10.1186/s40246-020-00297-x
32825710,Select Polyphenol-Rich Berry Consumption to Defer or Deter Diabetes and Diabetes-Related Complications,"Hameed A, Galli M, Adamska-Patruno E, Krętowski A, Ciborowski M.",Hameed A,Nutrients,2020,23/08/2020,PMC7551116,,10.3390/nu12092538
32630618,Tumor Cell-Intrinsic Immunometabolism and Precision Nutrition in Cancer Immunotherapy,"Cuyàs E, Verdura S, Martin-Castillo B, Alarcón T, Lupu R, Bosch-Barrera J, Menendez JA.",Cuyàs E,Cancers (Basel),2020,08/07/2020,PMC7409312,,10.3390/cancers12071757
38936573,Enhanced stability and biocompatibility of HIPEs stabilized by cyclodextrin-metal organic frameworks with inclusion of resveratrol and soy protein isolate for β-carotene delivery,"Zhang Y, Yu D, Zhao R, Hu F, Li Z, Dong B, Lu P, Song Z, Wang H, Zhang F, Chen W, Liu W, Li H.",Zhang Y,Int J Biol Macromol,2024,27/06/2024,,,10.1016/j.ijbiomac.2024.133431
38520634,Alcohol Drinking Impacts on Adiposity and Steatotic Liver Disease: Concurrent Effects on Metabolic Pathways and Cardiovascular Risks,"Martínez-Urbistondo D, Perez-Diaz-Del-Campo N, Landecho MF, Martínez JA.",Martínez-Urbistondo D,Curr Obes Rep,2024,23/03/2024,,,10.1007/s13679-024-00560-5
37999319,A Commercial Clay-Based Material as a Carrier for Targeted Lysozyme Delivery in Animal Feed,"Guagliano M, Cristiani C, Dell'Anno M, Dotelli G, Finocchio E, Lacalamita M, Mesto E, Reggi S, Rossi L, Schingaro E.",Guagliano M,Nanomaterials (Basel),2023,24/11/2023,PMC10674955,,10.3390/nano13222965
37049595,Nutrition-Related N-of-1 Studies Warrant Further Research to Provide Evidence for Dietitians to Practice Personalized (Precision) Medical Nutrition Therapy: A Systematic Review,"Allman-Farinelli M, Boljevac B, Vuong T, Hekler E.",Allman-Farinelli M,Nutrients,2023,13/04/2023,PMC10097352,,10.3390/nu15071756
33770405,Amino Acid Nutrition and Metabolism in Chickens,"He W, Li P, Wu G.",He W,Adv Exp Med Biol,2021,26/03/2021,,,10.1007/978-3-030-54462-1_7
38587606,"Neophobia, sensory experience and child's schemata contribute to food choices","Finistrella V, Gianni N, Fintini D, Menghini D, Amendola S, Donini LM, Manco M.",Finistrella V,Eat Weight Disord,2024,08/04/2024,PMC11001701,,10.1007/s40519-024-01657-5
35055430,Personalized Lifestyle Intervention and Functional Evaluation Health Outcomes SurvEy: Presentation of the LIFEHOUSE Study Using N-of-One Tent-Umbrella-Bucket Design,"Lamb JJ, Stone M, D'Adamo CR, Volkov A, Metti D, Aronica L, Minich D, Leary M, Class M, Carullo M, Ryan JJ, Larson IA, Lundquist E, Contractor N, Eck B, Ordovas JM, Bland JS.",Lamb JJ,J Pers Med,2022,21/01/2022,PMC8779079,,10.3390/jpm12010115
34284351,CYP1A2 Genotype Modifies the Effects of Caffeine Compared With Placebo on Muscle Strength in Competitive Male Athletes,"Wong O, Marshall K, Sicova M, Guest NS, García-Bailo B, El-Sohemy A.",Wong O,Int J Sport Nutr Exerc Metab,2021,20/07/2021,,,10.1123/ijsnem.2020-0395
37296485,Position statement on nutrition therapy for overweight and obesity: nutrition department of the Brazilian association for the study of obesity and metabolic syndrome (ABESO-2022),"Pepe RB, Lottenberg AM, Fujiwara CTH, Beyruti M, Cintra DE, Machado RM, Rodrigues A, Jensen NSO, Caldas APS, Fernandes AE, Rossoni C, Mattos F, Motarelli JHF, Bressan J, Saldanha J, Beda LMM, Lavrador MSF, Del Bosco M, Cruz P, Correia PE, Maximino P, Pereira S, Faria SL, Piovacari SMF.",Pepe RB,Diabetol Metab Syndr,2023,09/06/2023,PMC10251611,,10.1186/s13098-023-01037-6
38542762,Glutathione Supplementation Prevents Neonatal Parenteral Nutrition-Induced Short- and Long-Term Epigenetic and Transcriptional Disruptions of Hepatic H(2)O(2) Metabolism in Guinea Pigs,"Mungala Lengo A, Mohamed I, Lavoie JC.",Mungala Lengo A,Nutrients,2024,28/03/2024,PMC10975225,,10.3390/nu16060849
38475720,Tracing vitamins on the long non-coding lane of the transcriptome: vitamin regulation of LncRNAs,"Yazarlou F, Alizadeh F, Lipovich L, Giordo R, Ghafouri-Fard S.",Yazarlou F,Genes Nutr,2024,13/03/2024,PMC10935982,,10.1186/s12263-024-00739-4
36965784,Adipose tissue angiogenesis genes are down-regulated by grape polyphenols supplementation during a human overfeeding trial,"Delage P, Ségrestin B, Seyssel K, Chanon S, Vieille-Marchiset A, Durand A, Nemeth A, Métairon S, Charpagne A, Descombes P, Hager J, Laville M, Vidal H, Meugnier E.",Delage P,J Nutr Biochem,2023,25/03/2023,,,10.1016/j.jnutbio.2023.109334
35565670,The Concept of Intrauterine Programming and the Development of the Neonatal Microbiome in the Prevention of SARS-CoV-2 Infection,"Grot M, Krupa-Kotara K, Wypych-Ślusarska A, Grajek M, Białek-Dratwa A.",Grot M,Nutrients,2022,14/05/2022,PMC9104449,,10.3390/nu14091702
34371836,Systematic Bioinformatic Analyses of Nutrigenomic Modifications by Polyphenols Associated with Cardiometabolic Health in Humans-Evidence from Targeted Nutrigenomic Studies,"Ruskovska T, Budić-Leto I, Corral-Jara KF, Ajdžanović V, Arola-Arnal A, Bravo FI, Deligiannidou GE, Havlik J, Janeva M, Kistanova E, Kontogiorgis C, Krga I, Massaro M, Miler M, Milosevic V, Morand C, Scoditti E, Suárez M, Vauzour D, Milenkovic D.",Ruskovska T,Nutrients,2021,10/08/2021,PMC8308901,,10.3390/nu13072326
32928582,Blunted nutrient-response pathways in adipose tissue following high fat meals in men with metabolic syndrome: A randomized postprandial transcriptomic study,"Dordevic AL, Coort SL, Evelo CT, Murgia C, Sinclair AJ, Bonham MP, Larsen AE, Gran P, Cameron-Smith D.",Dordevic AL,Clin Nutr,2021,15/09/2020,,,10.1016/j.clnu.2020.08.024
32325906,Nutrigenomic Effects of Long-Term Grape Pomace Supplementation in Dairy Cows,"Pauletto M, Elgendy R, Ianni A, Marone E, Giantin M, Grotta L, Ramazzotti S, Bennato F, Dacasto M, Martino G.",Pauletto M,Animals (Basel),2020,25/04/2020,PMC7222749,,10.3390/ani10040714
38257081,Human Nutrition Research in the Data Era: Results of 11 Reports on the Effects of a Multiple-Micronutrient-Intervention Study,"Kaput J, Monteiro JP.",Kaput J,Nutrients,2024,23/01/2024,PMC10819666,,10.3390/nu16020188
35353641,Towards Phytopathogen Diagnostics? Coconut Bud Rot Pathogen Phytophthora palmivora Mycelial Proteome Analysis Informs Genome Annotation,"Nekrakalaya B, Arefian M, Kotimoole CN, Krishna RM, Palliyath GK, Najar MA, Behera SK, Kasaragod S, Santhappan P, Hegde V, Prasad TSK.",Nekrakalaya B,OMICS,2022,30/03/2022,,,10.1089/omi.2021.0208
33643372,Genetic Background Shapes Phenotypic Response to Diet for Adiposity in the Collaborative Cross,"Yam P, Albright J, VerHague M, Gertz ER, Pardo-Manuel de Villena F, Bennett BJ.",Yam P,Front Genet,2021,01/03/2021,PMC7905354,,10.3389/fgene.2020.615012
32575706,Importance of Redox Equilibrium in the Pathogenesis of Psoriasis-Impact of Antioxidant-Rich Diet,"Winiarska-Mieczan A, Mieczan T, Wójcik G.",Winiarska-Mieczan A,Nutrients,2020,25/06/2020,PMC7353401,,10.3390/nu12061841
34406876,Evaluation of the Dose-Dependent Effects of Fermented Mixed Grain Enzyme Food on Adiposity and Its Metabolic Disorders in High-Fat Diet-Induced Obese Mice,"Han Y, Shin YC, Kim AH, Kwon EY, Choi MS.",Han Y,J Med Food,2021,18/08/2021,,,10.1089/jmf.2021.K.0070
35270641,"Cardiometabolic Health Status, Ethnicity and Health-Related Quality of Life (HRQoL) Disparities in an Adult Population: NutrIMDEA Observational Web-Based Study","Ribot-Rodriguez R, Higuera-Gomez A, San-Cristobal R, Martín-Hernández R, Micó V, Espinosa-Salinas I, Ramírez de Molina A, Martínez JA.",Ribot-Rodriguez R,Int J Environ Res Public Health,2022,10/03/2022,PMC8910247,,10.3390/ijerph19052948
31679545,Simulated amino acid requirements of growing pigs differ between current factorial methods,"Remus A, Hauschild L, Pomar C.",Remus A,Animal,2020,05/11/2019,,,10.1017/S1751731119002660
38706560,Gut microbes differ in postmenopausal women responding to prunes to maintain hip bone mineral density,"Simpson AMR, De Souza MJ, Damani J, Rogers CJ, Williams NI, Weaver CM, Ferruzzi MG, Nakatsu CH.",Simpson AMR,Front Nutr,2024,06/05/2024,PMC11067506,,10.3389/fnut.2024.1389638
34684300,Alternative Dietary Patterns for Americans: Low-Carbohydrate Diets,"Volek JS, Phinney SD, Krauss RM, Johnson RJ, Saslow LR, Gower B, Yancy WS Jr, King JC, Hecht FM, Teicholz N, Bistrian BR, Hamdy O.",Volek JS,Nutrients,2021,23/10/2021,PMC8537012,,10.3390/nu13103299
33864366,Genome-wide gene-diet interaction analysis in the UK Biobank identifies novel effects on hemoglobin A1c,"Westerman KE, Miao J, Chasman DI, Florez JC, Chen H, Manning AK, Cole JB.",Westerman KE,Hum Mol Genet,2021,17/04/2021,PMC8411984,,10.1093/hmg/ddab109
32858880,"Increased Risk of High Body Fat and Altered Lipid Metabolism Associated to Suboptimal Consumption of Vitamin A Is Modulated by Genetic Variants rs5888 (SCARB1), rs1800629 (UCP1) and rs659366 (UCP2)","Galmés S, Palou A, Serra F.",Galmés S,Nutrients,2020,30/08/2020,PMC7551832,,10.3390/nu12092588
38707648,Dexamethasone-induced muscle atrophy and bone loss in six genetically diverse collaborative cross founder strains demonstrates phenotypic variability by Rg3 treatment,"Nguyen BN, Hong S, Choi S, Lee CG, Yoo G, Kim M.",Nguyen BN,J Ginseng Res,2024,06/05/2024,PMC11069000,,10.1016/j.jgr.2023.12.004
37887396,Urinary Metabolite Profiling to Non-Invasively Monitor the Omega-3 Index: An Exploratory Secondary Analysis of a Randomized Clinical Trial in Young Adults,"MacIntyre BC, Shanmuganathan M, Klingel SL, Kroezen Z, Helmeczi E, Seoh NY, Martinez V, Chabowski A, Feng Z, Britz-McKibbin P, Mutch DM.",MacIntyre BC,Metabolites,2023,27/10/2023,PMC10608872,,10.3390/metabo13101071
37451902,Describing the distribution type of DM intake for dairy cow pens based on pen characteristics,"Lucey PM, Rossow HA.",Lucey PM,Animal,2023,14/07/2023,,,10.1016/j.animal.2023.100888
35265654,Genetically-Guided Medical Nutrition Therapy in Type 2 Diabetes Mellitus and Pre-diabetes: A Series of n-of-1 Superiority Trials,"Gkouskou KK, Grammatikopoulou MG, Lazou E, Sanoudou D, Goulis DG, Eliopoulos AG.",Gkouskou KK,Front Nutr,2022,10/03/2022,PMC8899711,,10.3389/fnut.2022.772243
34356365,A Machine Learning Algorithm for Quantitatively Diagnosing Oxidative Stress Risks in Healthy Adult Individuals Based on Health Space Methodology: A Proof-of-Concept Study Using Korean Cross-Sectional Cohort Data,"Kim Y, Kim Y, Hwang J, van den Broek TJ, Oh B, Kim JY, Wopereis S, Bouwman J, Kwon O.",Kim Y,Antioxidants (Basel),2021,06/08/2021,PMC8301183,,10.3390/antiox10071132
38311044,Sex-specific effects of ketogenic diet on anxiety-like behavior and neuroimmune response in C57Bl/6J mice,"Kumar M, Bhatt B, Gusain C, Mahajan N, Bishnoi M.",Kumar M,J Nutr Biochem,2024,04/02/2024,,,10.1016/j.jnutbio.2024.109591
37558243,Temporal patterns in taste sensitivity,Costanzo A.,Costanzo A,Nutr Rev,2024,09/08/2023,PMC11082591,,10.1093/nutrit/nuad097
37326976,MEvA-X: a hybrid multiobjective evolutionary tool using an XGBoost classifier for biomarkers discovery on biomedical datasets,"Panagiotopoulos K, Korfiati A, Theofilatos K, Hurwitz P, Deriu MA, Mavroudi S.",Panagiotopoulos K,Bioinformatics,2023,16/06/2023,PMC10354005,,10.1093/bioinformatics/btad384
36778219,"Analysis of strain, sex, and diet-dependent modulation of gut microbiota reveals candidate keystone organisms driving microbial diversity in response to American and ketogenic diets","Salvador AC, Huda MN, Arends D, Elsaadi AM, Gacasan AC, Brockmann GA, Valdar W, Bennett BJ, Threadgill DW.",Salvador AC,Res Sq,2023,13/02/2023,PMC9915790,,10.21203/rs.3.rs-2540322/v1
36034894,Gene expression signatures and cardiometabolic outcomes following 8-week mango consumption in individuals with overweight/obesity,"Keathley J, de Toro-Martín J, Kearney M, Garneau V, Pilon G, Couture P, Marette A, Vohl MC, Couillard C.",Keathley J,Front Nutr,2022,29/08/2022,PMC9407242,,10.3389/fnut.2022.918844
36963728,Transcriptomics of natural and synthetic vitamin D in human hepatocyte lipotoxicity,"Bartolini D, Zatini L, Migni A, Frammartino T, Guerrini A, Garetto S, Lucci J, Moscardini IF, Marcantonini G, Stabile AM, Rende M, Galli F.",Bartolini D,J Nutr Biochem,2023,24/03/2023,,,10.1016/j.jnutbio.2023.109319
36669058,MicroRNAs in Ruminants and Their Potential Role in Nutrition and Physiology,"Ojo OE, Kreuzer-Redmer S.",Ojo OE,Vet Sci,2023,20/01/2023,PMC9867202,,10.3390/vetsci10010057
35905889,"Haptoglobin polymorphism modulates cardiometabolic impacts of four consecutive weeks, dawn to sunset Ramadan intermittent fasting among subjects with overweight/obesity","Madkour MI, Hassan RE, Sherif NM, Awadallah S, Abdelrahim DN, Jahrami HA, Abu Shihab K, Faris ME.",Madkour MI,Diabetes Res Clin Pract,2022,29/07/2022,,,10.1016/j.diabres.2022.110024
35625159,"Influence of a Polyherbal Choline Source in Dogs: Body Weight Changes, Blood Metabolites, and Gene Expression","Mendoza-Martínez GD, Hernández-García PA, Plata-Pérez FX, Martínez-García JA, Lizarazo-Chaparro AC, Martínez-Cortes I, Campillo-Navarro M, Lee-Rangel HA, De la Torre-Hernández ME, Gloria-Trujillo A.",Mendoza-Martínez GD,Animals (Basel),2022,28/05/2022,PMC9137459,,10.3390/ani12101313
34944282,Changes in Biceps femoris Transcriptome along Growth in Iberian Pigs Fed Different Energy Sources and Comparative Analysis with Duroc Breed,"Benítez R, Núñez Y, Ayuso M, Isabel B, Fernández-Barroso MA, De Mercado E, Gómez-Izquierdo E, García-Casco JM, López-Bote C, Óvilo C.",Benítez R,Animals (Basel),2021,24/12/2021,PMC8697974,,10.3390/ani11123505
37174278,Regulator of G-Protein Signalling 9: A New Candidate Gene for Sweet Food Liking?,"Graham CA, Spedicati B, Pelliccione G, Gasparini P, Concas MP.",Graham CA,Foods,2023,13/05/2023,PMC10178705,,10.3390/foods12091739
36245136,"Nutritional and genetic determinants of essential hypertension among adult respondents of the 2013 national nutrition survey, Philippines: a preliminary observational study","Zumaraga MPP, Rodriguez MP, Aman AYC, Deguit CDT, Biwang JH, Melegrito JB, Duante CA, Madrid ML, Concepcion MAR, Nevado JB.",Zumaraga MPP,J Nutr Biochem,2022,17/10/2022,,,10.1016/j.jnutbio.2022.109152
34440457,When Two plus Two Is More than Four: Evidence for a Synergistic Effect of Fatty Acids on Peroxisome Proliferator-Activated Receptor Activity in a Bovine Hepatic Model,"Busato S, Bionaz M.",Busato S,Genes (Basel),2021,27/08/2021,PMC8393910,,10.3390/genes12081283
34009254,Ethnic Differences in Iron Status,"Kang W, Barad A, Clark AG, Wang Y, Lin X, Gu Z, O'Brien KO.",Kang W,Adv Nutr,2021,19/05/2021,PMC8483971,,10.1093/advances/nmab035
33444969,"Single nucleotide polymorphisms in sweet, fat, umami, salt, bitter and sour taste receptor genes are associated with gustatory function and taste preferences in young adults","Chamoun E, Liu AS, Duizer LM, Feng Z, Darlington G, Duncan AM, Haines J, Ma DWL.",Chamoun E,Nutr Res,2021,14/01/2021,,,10.1016/j.nutres.2020.12.007
33170083,Assembly and Annotation of the Nuclear and Organellar Genomes of a Dwarf Coconut (Chowghat Green Dwarf) Possessing Enhanced Disease Resistance,"Muliyar RK, Chowdappa P, Behera SK, Kasaragod S, Gangaraj KP, Kotimoole CN, Nekrakalaya B, Mohanty V, Sampgod RB, Banerjee G, Das AJ, Niral V, Karun A, Mahato AK, Gaikwad K, Singh NK, Prasad TSK.",Muliyar RK,OMICS,2020,10/11/2020,,,10.1089/omi.2020.0147
32189604,Dietary starch promotes hepatic lipogenesis in barramundi (Lates calcarifer),"Wade NM, Trenkner LH, Viegas I, Tavares LC, Palma M, Skiba-Cassy S, Dias K, Vachot C, Araújo BC, Bourne N, Blyth D, Irvin S, Glencross BD.",Wade NM,Br J Nutr,2020,20/03/2020,,,10.1017/S0007114520001051
36558520,Short Chain Fatty Acid Metabolism in Relation to Gut Microbiota and Genetic Variability,"Ramos Meyers G, Samouda H, Bohn T.",Ramos Meyers G,Nutrients,2022,23/12/2022,PMC9788597,,10.3390/nu14245361
36371078,What do we know about nutrient-based strategies targeting molecular mechanisms associated with obesity-related fatty liver disease?,"Rivera-Iñiguez I, Panduro A, Roman S, González-Aldaco K.",Rivera-Iñiguez I,Ann Hepatol,2023,12/11/2022,,,10.1016/j.aohep.2022.100874
35748248,Mitochondrial DNA in Visceral Adipose Tissue in Severe Obesity: From Copy Number to D-Loop Methylation,"Bordoni L, Perugini J, Petracci I, Mercurio ED, Lezoche G, Guerrieri M, Giordano A, Gabbianelli R.",Bordoni L,Front Biosci (Landmark Ed),2022,24/06/2022,,,10.31083/j.fbl2706172
34808036,Comparative Analysis of the Effects of Fish Oil and Fenofibrate on Plasma Metabolomic Profiles in Overweight and Obese Individuals,"Michielsen CCJR, Hangelbroek RWJ, Bragt MCE, Verheij ER, Wopereis S, Mensink RP, Afman LA.",Michielsen CCJR,Mol Nutr Food Res,2022,22/11/2021,PMC9286410,,10.1002/mnfr.202100192
33841078,"Integrated Multi-Omic Analyses of the Genomic Modifications by Gut Microbiome-Derived Metabolites of Epicatechin, 5-(4'-Hydroxyphenyl)-γ-Valerolactone, in TNFalpha-Stimulated Primary Human Brain Microvascular Endothelial Cells","Corral-Jara KF, Nuthikattu S, Rutledge J, Villablanca A, Morand C, Schroeter H, Milenkovic D.",Corral-Jara KF,Front Neurosci,2021,12/04/2021,PMC8033932,,10.3389/fnins.2021.622640
33790950,Brain Magnetic Resonance Imaging Phenome-Wide Association Study With Metal Transporter Gene SLC39A8,"Hermann ER, Chambers E, Davis DN, Montgomery MR, Lin D, Chowanadisai W.",Hermann ER,Front Genet,2021,01/04/2021,PMC8005600,,10.3389/fgene.2021.647946
33749469,Magnesium Supplementation: Effect on the Expression of Inflammation Genes in Erlich's Tumor,"Draghi PF, Bastos Fernandes JC, Petri G, Barbosa da Silva E, Perez MM, da Veiga GRL, Alves BDCA, Fonseca FLA.",Draghi PF,J Diet Suppl,2022,22/03/2021,,,10.1080/19390211.2021.1897056
33453499,"L-carnitine exerts a nutrigenomic effect via direct modulation of nuclear receptor signaling in adipocytes, hepatocytes and SKMC, demonstrating its nutritional impact","Förster L, Indra D, Rosenberger K, Zver L, Hofbauer R.",Förster L,Nutr Res,2021,16/01/2021,,,10.1016/j.nutres.2020.11.003
31500937,Interplay between the Mediterranean diet and C-reactive protein genetic polymorphisms towards inflammation in adolescents,"Arouca AB, Meirhaeghe A, Dallongeville J, Moreno LA, Lourenço GJ, Marcos A, Huybrechts I, Manios Y, Lambrinou CP, Gottrand F, Kafatos A, Kersting M, Sjöström M, Widhalm K, Ferrari M, Molnár D, González-Gross M, Forsner M, De Henauw S, Michels N; HELENA Study Group.",Arouca AB,Clin Nutr,2020,11/09/2019,,,10.1016/j.clnu.2019.08.016
38481969,Requirements for essential micronutrients during caloric restriction and fasting,"Zhang W, Chen P, Huo S, Huang X, Zhao Y.",Zhang W,Front Nutr,2024,14/03/2024,PMC10936542,,10.3389/fnut.2024.1363181
37536566,"Nutrition and Health in the Lesbian, Gay, Bisexual, Transgender, Queer/Questioning Community: A Narrative Review","Ferrero EM, Yunker AG, Cuffe S, Gautam S, Mendoza K, Bhupathiraju SN, Mattei J.",Ferrero EM,Adv Nutr,2023,03/08/2023,PMC10721458,,10.1016/j.advnut.2023.07.009
33521524,"Relationship between maternal body composition during pregnancy and infant's birth weight in Nairobi informal settlements, Kenya","Wanjohi MN, Ogada I, Wekesah FM, Khayeka-Wandabwa C, Kimani-Murage EW.",Wanjohi MN,BMJ Nutr Prev Health,2020,01/02/2021,PMC7841839,,10.1136/bmjnph-2019-000060
38831751,Obesogenic High-Fat Diet and MYC Cooperate to Promote Lactate Accumulation and Tumor Microenvironment Remodeling in Prostate Cancer,"Boufaied N, Chetta P, Hallal T, Cacciatore S, Lalli D, Luthold C, Homsy K, Imada EL, Syamala S, Photopoulos C, Di Matteo A, de Polo A, Storaci AM, Huang Y, Giunchi F, Sheridan PA, Michelotti G, Nguyen QD, Zhao X, Liu Y, Davicioni E, Spratt DE, Sabbioneda S, Maga G, Mucci LA, Ghigna C, Marchionni L, Butler LM, Ellis L, Bordeleau F, Loda M, Vaira V, Labbé DP, Zadra G.",Boufaied N,Cancer Res,2024,04/06/2024,PMC11148549,,10.1158/0008-5472.CAN-23-0519
38403310,"[Application strategy of artificial intelligence technology in feed-based development of medicinal and edible homologous traditional Chinese medicine(TCM)resources in era of the ""antibiotic ban""]","Shao QQ, Xiao P, Zhang X, Guo S, Duan JA.",Shao QQ,Zhongguo Zhong Yao Za Zhi,2024,25/02/2024,,,10.19540/j.cnki.cjcmm.20230905.102
37784178,"Analysis of strain, sex, and diet-dependent modulation of gut microbiota reveals candidate keystone organisms driving microbial diversity in response to American and ketogenic diets","Salvador AC, Huda MN, Arends D, Elsaadi AM, Gacasan CA, Brockmann GA, Valdar W, Bennett BJ, Threadgill DW.",Salvador AC,Microbiome,2023,02/10/2023,PMC10546677,,10.1186/s40168-023-01588-w
37568156,Recovery from (treatment-resistant) depression after lifestyle changes and micronutrient precision supplementation: a preliminary field study in patients,Mader IM.,Mader IM,BMC Psychol,2023,11/08/2023,PMC10422823,,10.1186/s40359-023-01263-7
35964923,Common and ethnic-specific genetic determinants of hemoglobin concentration between Taiwanese Han Chinese and European Whites: findings from comparative two-stage genome-wide association studies,"Timoteo VJ, Chiang KM, Yang HC, Pan WH.",Timoteo VJ,J Nutr Biochem,2023,14/08/2022,,,10.1016/j.jnutbio.2022.109126
35631221,Association between Vitamin Intake and Chronic Kidney Disease According to a Variant Located Upstream of the PTGS1 Gene: A Cross-Sectional Analysis of Shika Study,"Pham KO, Hara A, Tsujiguchi H, Suzuki K, Suzuki F, Miyagi S, Kannon T, Sato T, Hosomichi K, Tsuboi H, Nguyen TTT, Shimizu Y, Kambayashi Y, Nakamura M, Takazawa C, Nakamura H, Hamagishi T, Shibata A, Konoshita T, Tajima A, Nakamura H.",Pham KO,Nutrients,2022,28/05/2022,PMC9143472,,10.3390/nu14102082
36329894,Emerging trends and hotspots in the links between the gut microbiota and MAFLD from 2002 to 2021: A bibliometric analysis,"Li Y, Zhou Y, Wang L, Lin X, Mao M, Yin S, Zhu L, Jiao Y, Yu W, Gao P, Yang L.",Li Y,Front Endocrinol (Lausanne),2022,04/11/2022,PMC9624192,,10.3389/fendo.2022.990953
37108121,Biological Activities of Miracle Berry Supercritical Extracts as Metabolic Regulators in Chronic Diseases,"Wagner S, Gómez de Cedrón M, Navarro Del Hierro J, Martín-Hernández D, Siles MLN, Santoyo S, Jaime L, Martín D, Fornari T, Ramírez de Molina A.",Wagner S,Int J Mol Sci,2023,28/04/2023,PMC10138767,,10.3390/ijms24086957
36613559,Fatty-Acid-Based Membrane Lipidome Profile of Peanut Allergy Patients: An Exploratory Study of a Lifelong Health Condition,"Del Duca E, Sansone A, Sgrulletti M, Di Nolfo F, Chini L, Ferreri C, Moschese V.",Del Duca E,Int J Mol Sci,2022,08/01/2023,PMC9820545,,10.3390/ijms24010120
36261843,Dietary protein and the glycemic index handle insulin resistance within a nutritional program for avoiding weight regain after energy-restricted induced weight loss,"Vidal-Ostos F, Ramos-Lopez O, Jebb SA, Papadaki A, Pfeiffer AFH, Handjieva-Darlenska T, Kunešová M, Blaak EE, Astrup A, Martinez JA; Diet, Obesity, and Genes (Diogenes) Project.",Vidal-Ostos F,Nutr Metab (Lond),2022,19/10/2022,PMC9583584,,10.1186/s12986-022-00707-y
34949945,"A Review of DNA Risk Alleles to Determine Epigenetic Repair of mRNA Expression to Prove Therapeutic Effectiveness in Reward Deficiency Syndrome (RDS): Embracing ""Precision Behavioral Management""","Blum K, Steinberg B, Gondre-Lewis MC, Baron D, Modestino EJ, Badgaiyan RD, Downs BW, Bagchi D, Brewer R, McLaughlin T, Bowirrat A, Gold M.",Blum K,Psychol Res Behav Manag,2021,24/12/2021,PMC8691196,,10.2147/PRBM.S292958
31968396,Circulating adiposity-related microRNAs as predictors of the response to a low-fat diet in subjects with obesity,"Assmann TS, Riezu-Boj JI, Milagro FI, Martínez JA.",Assmann TS,J Cell Mol Med,2020,23/01/2020,PMC7077528,,10.1111/jcmm.14920
32961898,"3'quant mRNA-Seq of Porcine Liver Reveals Alterations in UPR, Acute Phase Response, and Cholesterol and Bile Acid Metabolism in Response to Different Dietary Fats","Oczkowicz M, Szmatoła T, Świątkiewicz M, Koseniuk A, Smołucha G, Witarski W, Wierzbicka A.",Oczkowicz M,Genes (Basel),2020,23/09/2020,PMC7565913,,10.3390/genes11091087
36451736,Anthocyanin-rich extract from black beans exerts anti-diabetic effects in rats through a multi-genomic mode of action in adipose tissue,"Damián-Medina K, Milenkovic D, Salinas-Moreno Y, Corral-Jara KF, Figueroa-Yáñez L, Marino-Marmolejo E, Lugo-Cervantes E.",Damián-Medina K,Front Nutr,2022,01/12/2022,PMC9702351,,10.3389/fnut.2022.1019259
38026570,Specific Genotypes Associated with Differences in Fasting Insulin Levels and Body Mass Index in Healthy Young Males: Implications for Gene-Nutrient Interactions-an Exploratory Study,"Brown JE, Pham T, Burden H, Braakhuis AJ.",Brown JE,Curr Dev Nutr,2023,29/11/2023,PMC10663744,,10.1016/j.cdnut.2023.102018
36676968,Effects of PUFA-Rich Dietary Strategies on Ruminants' Mammary Gland Gene Network: A Nutrigenomics Review,"Kyriakaki P, Zisis F, Pappas AC, Mavrommatis A, Tsiplakou E.",Kyriakaki P,Metabolites,2022,21/01/2023,PMC9861346,,10.3390/metabo13010044
36512856,Effect of different doses of cholecalciferol and calcidiol on meat quality parameters and skeletal muscle transcriptome profiles in swine,"Wierzbicka A, Świątkiewicz M, Tyra M, Szmatoła T, Oczkowicz M.",Wierzbicka A,Meat Sci,2023,13/12/2022,,,10.1016/j.meatsci.2022.109071
33671567,Identification of Accessible Hepatic Gene Signatures for Interindividual Variations in Nutrigenomic Response to Dietary Supplementation of Omega-3 Fatty Acids,"Shi Y, Li P, Jiang CF, Chen Y, Ma Y, Gupta N, Ruan X, Cao H.",Shi Y,Cells,2021,06/03/2021,PMC7926558,,10.3390/cells10020467
37351048,Study Protocol for the Interactions between Dietary Patterns and ARL15 and ADIPOQ Genes Polymorphisms on Cardiometabolic Risk Factors,"Mollahosseini M, Yazdanpanah Z, Nadjarzadeh A, Mirzaei M, Kalantar SM, Mirzaei K, Mozaffari-Khosravi H.",Mollahosseini M,Int J Prev Med,2023,23/06/2023,PMC10284236,,10.4103/ijpvm.ijpvm_17_22
38337709,Genetic Variability Impacts Genotoxic and Transcriptome Responses in the Human Colon after the Consumption of Processed Red Meat Products and Those with Added Phytochemical Extracts,"DeBenedictis JN, Baars E, Ochoteco-Asensio J, van Breda SG, de Kok TM.",DeBenedictis JN,Nutrients,2024,10/02/2024,PMC10857093,,10.3390/nu16030425
36100702,Reproducibility and validity of the Toronto-modified Harvard food frequency questionnaire in a multi-ethnic sample of young adults,"Nielsen DE, Boucher BA, Da Costa LA, Jenkins DJA, El-Sohemy A.",Nielsen DE,Eur J Clin Nutr,2023,13/09/2022,,,10.1038/s41430-022-01209-z
34574696,Hypothesizing Nutrigenomic-Based Precision Anti-Obesity Treatment and Prophylaxis: Should We Be Targeting Sarcopenia Induced Brain Dysfunction?,"Blum K, Gold MS, Llanos-Gomez L, Jalali R, Thanos PK, Bowirrat A, Downs WB, Bagchi D, Braverman ER, Baron D, Roy AK 3rd, Badgaiyan RD.",Blum K,Int J Environ Res Public Health,2021,28/09/2021,PMC8470221,,10.3390/ijerph18189774
34568906,Genome-wide analysis in Drosophila reveals diet-by-gene interactions and uncovers diet-responsive genes,"Francis D, Ghazanfar S, Havula E, Krycer JR, Strbenac D, Senior A, Minard AY, Geddes T, Nelson ME, Weiss F, Stöckli J, Yang JYH, James DE.",Francis D,G3 (Bethesda),2021,27/09/2021,PMC8496270,,10.1093/g3journal/jkab171
33305994,Rethinking Clinical Trials and Personalized Medicine with Placebogenomics and Placebo Dose,"Özdemir V, Endrenyi L.",Özdemir V,OMICS,2021,11/12/2020,,,10.1089/omi.2020.0208
37777666,Rethinking underutilized cereal crops: pan-omics integration and green system biology,"Rahim MS, Sharma V, Pragati Yadav, Parveen A, Kumar A, Roy J, Kumar V.",Rahim MS,Planta,2023,30/09/2023,,,10.1007/s00425-023-04242-9
36604264,Molecular mechanisms underlying hypertensive effect of fructose and the preventive properties of inulin - Global transcriptomic analysis in rat aorta,"Ruskovska T, Konic-Ristic A, Mazur A, Milenkovic D.",Ruskovska T,Nutr Metab Cardiovasc Dis,2023,05/01/2023,,,10.1016/j.numecd.2022.11.009
35435521,"Effects of dietary electrolyte balance on performance, energy balance, and expression of genes related to acid-basic balance, absorption, and transport of nutrients in broilers","Araujo AC, Araújo RDS, Dourado LRB, Machado JS, Farias LA, de Sousa DM, de Sousa FCB, Biagiotti D, Bayão GFV, Sousa KRS.",Araujo AC,Trop Anim Health Prod,2022,18/04/2022,,,10.1007/s11250-022-03165-z
35373729,Multigenomic modifications in human circulating immune cells in response to consumption of polyphenol rich extract of yerba mate (Ilex paraguariensis A. St.-Hil.) are suggestive of cardiometabolic protective effects,"Ruskovska T, Morand C, Bonetti CI, Gebara KS, Cardozo Junior EL, Milenkovic D.",Ruskovska T,Br J Nutr,2022,04/04/2022,,,10.1017/S0007114522001027
34817829,Mastering health: liberating beauty : Will the cosmetics of tomorrow be genetic?,"Perbal B, Gabaron S.",Perbal B,J Cell Commun Signal,2021,24/11/2021,PMC8642583,,10.1007/s12079-021-00656-w
32316129,Acute Effects of the Consumption of Passiflora setacea Juice on Metabolic Risk Factors and Gene Expression Profile in Humans,"Duarte IAE, Milenkovic D, Borges TKDS, Rosa AJM, Morand C, Oliveira LL, Costa AM.",Duarte IAE,Nutrients,2020,23/04/2020,PMC7231153,,10.3390/nu12041104
38264366,Estimated impact of the UK soft drinks industry levy on childhood hospital admissions for carious tooth extractions: interrupted time series analysis,"Rogers NT, Conway DI, Mytton O, Roberts CH, Rutter H, Sherriff A, White M, Adams J.",Rogers NT,BMJ Nutr Prev Health,2023,24/01/2024,PMC10800259,,10.1136/bmjnph-2023-000714
37528994,Predictive association of gut microbiome and NLR in anemic low middle-income population of Odisha- a cross-sectional study,"Venugopal G, Khan ZH, Dash R, Tulsian V, Agrawal S, Rout S, Mahajan P, Ramadass B.",Venugopal G,Front Nutr,2023,02/08/2023,PMC10390256,,10.3389/fnut.2023.1200688
36899329,Associations between dietary intake and glucose tolerance in clinical and metabolomics-based metabotypes,"Rundblad A, Christensen JJ, Hustad KS, Bastani NE, Ottestad I, Holven KB, Ulven SM.",Rundblad A,Genes Nutr,2023,10/03/2023,PMC10007735,,10.1186/s12263-023-00721-6
36619321,Impact of a multidisciplinary nutritional support team on quality improvement for patients receiving home parenteral nutrition,"Rothkopf M, Pant M, Brown R, Haselhorst J, Gagliardotto F, Tallman A, Stevenson D, DePalma A, Saracco M, Rosenberg D, Proudan V, Shareef K, Ayub N.",Rothkopf M,BMJ Nutr Prev Health,2022,09/01/2023,PMC9813622,,10.1136/bmjnph-2022-000484
35512761,Almond Consumption for 8 Weeks Altered Host and Microbial Metabolism in Comparison to a Control Snack in Young Adults,"Dhillon J, Newman JW, Fiehn O, Ortiz RM.",Dhillon J,J Am Nutr Assoc,2023,05/05/2022,PMC9396742,NIHMS1794419,10.1080/07315724.2021.2025168
34533486,Molecular Deficits Relevant to Concussion Are Prevalent in Top-Ranked Football Players Entering the National Football League Draft,"Kunces LJ, Keenan J, Schmidt CM, Schmidt MA.",Kunces LJ,J Strength Cond Res,2021,17/09/2021,,,10.1519/JSC.0000000000004131
33333222,Interactive associations of the INAFM2 rs67839313 variant and egg consumption with type 2 diabetes mellitus and fasting blood glucose in a Chinese population: A family-based study,"Wang X, Wang Z, Wu J, Wang M, Wang J, Wu T, Chen D, Tang X, Qin X, Wu Y, Hu Y.",Wang X,Gene,2021,17/12/2020,,,10.1016/j.gene.2020.145357
32610641,Plant-Dominant Low-Protein Diet for Conservative Management of Chronic Kidney Disease,"Kalantar-Zadeh K, Joshi S, Schlueter R, Cooke J, Brown-Tortorici A, Donnelly M, Schulman S, Lau WL, Rhee CM, Streja E, Tantisattamo E, Ferrey AJ, Hanna R, Chen JLT, Malik S, Nguyen DV, Crowley ST, Kovesdy CP.",Kalantar-Zadeh K,Nutrients,2020,03/07/2020,PMC7400005,,10.3390/nu12071931
38861890,Inflammatory markers as diagnostic and precision nutrition tools for metabolic dysfunction-associated steatotic liver disease: Results from the Fatty Liver in Obesity trial,"Mogna-Peláez P, Riezu-Boj JI, Milagro FI, Herrero JI, Elorz M, Benito-Boillos A, Tobaruela-Resola AL, Tur JA, Martínez JA, Abete I, Zulet MA.",Mogna-Peláez P,Clin Nutr,2024,11/06/2024,,,10.1016/j.clnu.2024.05.042
38438850,Analyzing postprandial metabolomics data using multiway models: a simulation study,"Li L, Yan S, Bakker BM, Hoefsloot H, Chawes B, Horner D, Rasmussen MA, Smilde AK, Acar E.",Li L,BMC Bioinformatics,2024,04/03/2024,PMC10913623,,10.1186/s12859-024-05686-w
36873949,The impact of alcoholic drinks and dietary factors on epigenetic markers associated with triglyceride levels,"Lai CQ, Parnell LD, Lee YC, Zeng H, Smith CE, McKeown NM, Arnett DK, Ordovás JM.",Lai CQ,Front Genet,2023,06/03/2023,PMC9975169,,10.3389/fgene.2023.1117778
37545571,Bioactive compounds for human and planetary health,"Kussmann M, Abe Cunha DH, Berciano S.",Kussmann M,Front Nutr,2023,07/08/2023,PMC10400358,,10.3389/fnut.2023.1193848
35542387,Soluble Receptor for Advanced Glycation End Products (sRAGE) Isoforms Predict Changes in Resting Energy Expenditure in Adults with Obesity during Weight Loss,"Popp CJ, Zhou B, Manigrasso MB, Li H, Curran M, Hu L, St-Jules DE, Alemán JO, Vanegas SM, Jay M, Bergman M, Segal E, Sevick MA, Schmidt AM.",Popp CJ,Curr Dev Nutr,2022,11/05/2022,PMC9071542,,10.1093/cdn/nzac046
35108358,A Systematic Review of Literature on the Representation of Racial and Ethnic Minority Groups in Clinical Nutrition Interventions,"Dhillon J, Jacobs AG, Ortiz S, Diaz Rios LK.",Dhillon J,Adv Nutr,2022,02/02/2022,PMC9526835,,10.1093/advances/nmac002
37599689,Predicting weight loss success on a new Nordic diet: an untargeted multi-platform metabolomics and machine learning approach,"Pigsborg K, Stentoft-Larsen V, Demharter S, Aldubayan MA, Trimigno A, Khakimov B, Engelsen SB, Astrup A, Hjorth MF, Dragsted LO, Magkos F.",Pigsborg K,Front Nutr,2023,21/08/2023,PMC10434509,,10.3389/fnut.2023.1191944
36321274,"Proteomics, dietary intake, and changes in cardiometabolic health within a behavioral weight-loss intervention: A pilot study","Hill EB, Siebert JC, Yazza DN, Ostendorf DM, Bing K, Wayland L, Scorsone JJ, Bessesen DH, MacLean PS, Melanson EL, Catenacci VA, Borengasser SJ.",Hill EB,Obesity (Silver Spring),2022,02/11/2022,PMC9634672,NIHMS1832912,10.1002/oby.23574
35956399,Association of Polygenic Variants with Type 2 Diabetes Risk and Their Interaction with Lifestyles in Asians,"Hur HJ, Yang HJ, Kim MJ, Lee KH, Kim MS, Park S.",Hur HJ,Nutrients,2022,12/08/2022,PMC9370736,,10.3390/nu14153222
34778430,Feeding Strategies to Reduce Nutrient Losses and Improve the Sustainability of Growing Pigs,"Pomar C, Andretta I, Remus A.",Pomar C,Front Vet Sci,2021,15/11/2021,PMC8581561,,10.3389/fvets.2021.742220
33235970,Time for nutrition in medical education,"Macaninch E, Buckner L, Amin P, Broadley I, Crocombe D, Herath D, Jaffee A, Carter H, Golubic R, Rajput-Ray M, Martyn K, Ray S.",Macaninch E,BMJ Nutr Prev Health,2020,25/11/2020,PMC7664491,,10.1136/bmjnph-2019-000049
33213085,"Polygenetic-Risk Scores Related to Crystallin Metabolism Are Associated with Age-Related Cataract Formation and Interact with Hyperglycemia, Hypertension, Western-Style Diet, and Na Intake","Jee D, Kang S, Huang S, Park S.",Jee D,Nutrients,2020,20/11/2020,PMC7698476,,10.3390/nu12113534
32706729,Wearable Technology to Quantify the Nutritional Intake of Adults: Validation Study,"Dimitratos SM, German JB, Schaefer SE.",Dimitratos SM,JMIR Mhealth Uhealth,2020,25/07/2020,PMC7407252,,10.2196/16405
38309055,Maternal dietary choline levels cause transcriptome shift due to genotype-by-diet interactions in rainbow trout (Oncorhynchus mykiss),"Freij K, Cleveland B, Biga P.",Freij K,Comp Biochem Physiol Part D Genomics Proteomics,2024,03/02/2024,,,10.1016/j.cbd.2024.101193
37107220,Gluten-Free Bread Enriched with Artichoke Leaf Extract In Vitro Exerted Antioxidant and Anti-Inflammatory Properties,"Vacca M, Pinto D, Annunziato A, Ressa A, Calasso M, Pontonio E, Celano G, De Angelis M.",Vacca M,Antioxidants (Basel),2023,28/04/2023,PMC10135093,,10.3390/antiox12040845
34868202,Addressing Iron and Zinc Micronutrient Malnutrition Through Nutrigenomics in Pearl Millet: Advances and Prospects,"Srivastava RK, Satyavathi CT, Mahendrakar MD, Singh RB, Kumar S, Govindaraj M, Ghazi IA.",Srivastava RK,Front Genet,2021,06/12/2021,PMC8637740,,10.3389/fgene.2021.723472
33809803,"Muscle Transcriptome Analysis Reveals Molecular Pathways Related to Oxidative Phosphorylation, Antioxidant Defense, Fatness and Growth in Mangalitsa and Moravka Pigs","Núñez Y, Radović Č, Savić R, García-Casco JM, Čandek-Potokar M, Benítez R, Radojković D, Lukić M, Gogić M, Muñoz M, Fontanesi L, Óvilo C.",Núñez Y,Animals (Basel),2021,03/04/2021,PMC8002519,,10.3390/ani11030844
38807972,The Importance of Nutrigenetics and Microbiota in Personalized Medicine: From Phenotype to Genotype,"Meral G, Aslan ES, Tunaligil V, Burkay N, Alper Acar EG, Alp MY.",Meral G,Cureus,2024,29/05/2024,PMC11132663,,10.7759/cureus.61256
36590804,Elucidating genes and gene networks linked to individual susceptibility to milk fat depression in dairy goats,"Suárez-Vega A, Gutiérrez-Gil B, Toral PG, Frutos P, Loor JJ, Arranz JJ, Hervás G.",Suárez-Vega A,Front Vet Sci,2022,02/01/2023,PMC9798324,,10.3389/fvets.2022.1037764
31881203,Dynamics of gene expression of hormones involved in the growth of broiler chickens in response to the dietary protein and energy changes,"Saxena R, Saxena VK, Tripathi V, Mir NA, Dev K, Begum J, Agarwal R, Goel A.",Saxena R,Gen Comp Endocrinol,2020,28/12/2019,,,10.1016/j.ygcen.2019.113377
38024342,"Role of long-chain polyunsaturated fatty acids, eicosapentaenoic and docosahexaenoic, in the regulation of gene expression during the development of obesity: a systematic review","Sandoval C, Nahuelqueo K, Mella L, Recabarren B, Souza-Mello V, Farías J.",Sandoval C,Front Nutr,2023,29/11/2023,PMC10665854,,10.3389/fnut.2023.1288804
35237638,Clinical Practice Guidelines Using GRADE and AGREE II for the Impact of Genetic Variants on Plasma Lipid/Lipoprotein/Apolipoprotein Responsiveness to Omega-3 Fatty Acids,"Keathley J, Garneau V, Marcil V, Mutch DM, Robitaille J, Rudkowska I, Sofian G, Desroches S, Vohl MC.",Keathley J,Front Nutr,2022,03/03/2022,PMC8883048,,10.3389/fnut.2021.768474
34890881,Consequences of a low protein diet on the liver and longissimus dorsi transcriptome of Duroc × Iberian crossbred pigs,"Muñoz M, Fernández-Barroso MA, López-García A, Caraballo C, Nuñez Y, Óvilo C, González E, García-Casco JM.",Muñoz M,Animal,2021,10/12/2021,,,10.1016/j.animal.2021.100408
34634561,Jaboticaba (Myrciaria jaboticaba) powder consumption improves the metabolic profile and regulates gut microbiome composition in high-fat diet-fed mice,"Soares E, Soares AC, Trindade PL, Monteiro EB, Martins FF, Forgie AJ, Inada KOP, de Bem GF, Resende A, Perrone D, Souza-Mello V, Tomás-Barberán F, Willing BP, Monteiro M, Daleprane JB.",Soares E,Biomed Pharmacother,2021,11/10/2021,,,10.1016/j.biopha.2021.112314
37891900,Multi-Organ Nutrigenomic Effects of Dietary Grapes in a Mouse Model,"Dave A, Park EJ, Pezzuto JM.",Dave A,Antioxidants (Basel),2023,28/10/2023,PMC10604885,,10.3390/antiox12101821
37430982,Meat Quality and Muscle Tissue Proteome of Crossbred Bulls Finished under Feedlot Using Wet Distiller Grains By-Product,"Baldassini W, Gagaoua M, Santiago B, Rocha L, Torrecilhas J, Torres R, Curi R, Neto OM, Padilha P, Santos F, Lanna DP, Chardulo LA.",Baldassini W,Foods,2022,11/07/2023,PMC9602256,,10.3390/foods11203233
32670356,Genome-Wide SNP Identification and Association Mapping for Seed Mineral Concentration in Mung Bean (Vigna radiata L.),"Wu X, Islam ASMF, Limpot N, Mackasmiel L, Mierzwa J, Cortés AJ, Blair MW.",Wu X,Front Genet,2020,17/07/2020,PMC7327122,,10.3389/fgene.2020.00656
32597926,Meta-Analysis of the Association Between the rs228570 Vitamin D Receptor Gene Polymorphism and Arterial Hypertension Risk,"Nunes IFOC, Cavalcante AACM, Alencar MVOB, Carvalho MDF, Sarmento JLR, Teixeira NSCCA, Paiva AA, Carvalho LR, Nascimento LFM, Cruz MSP, Rogero MM, Lima ACB, Carvalho CMRG.",Nunes IFOC,Adv Nutr,2020,30/06/2020,PMC7490169,,10.1093/advances/nmaa076
38541726,Breast Cancer Exposomics,"Neagu AN, Jayaweera T, Corrice L, Johnson K, Darie CC.",Neagu AN,Life (Basel),2024,28/03/2024,PMC10971462,,10.3390/life14030402
37569198,Gene-Diet Interactions: Viability of Lactoferrin-Fortified Yoghurt as an Element of Diet Therapy in Patients Predisposed to Overweight and Obesity,"Jańczuk-Grabowska A, Czernecki T, Brodziak A.",Jańczuk-Grabowska A,Foods,2023,12/08/2023,PMC10418354,,10.3390/foods12152929
32986322,[The development of children nutrition science in Russia],"Pyrieva EA, Gmoshinskaya MV, Safronova AI, Shilina NM, Georgieva NM.",Pyrieva EA,Vopr Pitan,2020,28/09/2020,,,10.24411/0042-8833-2020-10043
32033285,A Pilot Study on the Effects of l-Carnitine and Trimethylamine-N-Oxide on Platelet Mitochondrial DNA Methylation and CVD Biomarkers in Aged Women,"Bordoni L, Sawicka AK, Szarmach A, Winklewski PJ, Olek RA, Gabbianelli R.",Bordoni L,Int J Mol Sci,2020,09/02/2020,PMC7037757,,10.3390/ijms21031047
35782928,A Gene Variation at the ZPR1 Locus (rs964184) Interacts With the Type of Diet to Modulate Postprandial Triglycerides in Patients With Coronary Artery Disease: From the Coronary Diet Intervention With Olive Oil and Cardiovascular Prevention Study,"Alcala-Diaz JF, Arenas-de Larriva AP, Torres-Peña JD, Rodriguez-Cantalejo F, Rangel-Zuñiga OA, Yubero-Serrano EM, Gutierrez-Mariscal FM, Cardelo MP, Luque RM, Ordovas JM, Perez-Martinez P, Delgado-Lista J, Lopez-Miranda J.",Alcala-Diaz JF,Front Nutr,2022,05/07/2022,PMC9247506,,10.3389/fnut.2022.885256
34378457,"Analysis of performance, bone characteristics, and expression of genes involved in the balance of ionic concentrations in broilers subjected to dietary electrolyte balance levels","Araujo AC, Araújo RDS, Dourado LRB, Machado JS, Bayão GFV, Amoroso L, Artoni SMB, Shimano AC, Silva Sousa KR.",Araujo AC,Br Poult Sci,2022,11/08/2021,,,10.1080/00071668.2021.1966754
33575280,Influence of a Polyherbal Mixture in Dairy Calves: Growth Performance and Gene Expression,"Díaz Galván C, Méndez Olvera ET, Martínez Gómez D, Gloria Trujillo A, Hernández García PA, Espinosa Ayala E, Palacios Martínez M, Lara Bueno A, Mendoza Martínez GD, Velázquez Cruz LA.",Díaz Galván C,Front Vet Sci,2021,12/02/2021,PMC7870704,,10.3389/fvets.2020.623710
38931158,"Effect of ADORA2A Gene Polymorphism and Acute Caffeine Supplementation on Hormonal Response to Resistance Exercise: A Double-Blind, Crossover, Placebo-Controlled Study","Rahimi MR, Semenova EA, John G, Fallah F, Larin AK, Generozov EV, Ahmetov II.",Rahimi MR,Nutrients,2024,27/06/2024,PMC11206868,,10.3390/nu16121803
38797482,Association of Candidate Single-Nucleotide Polymorphism Genotypes With Plasma and Skin Carotenoid Concentrations in Adults Provided a Lycopene-Rich Juice,"Norman AC, Palmer DG, Moran NE, Roemmich JN, Casperson SL.",Norman AC,J Nutr,2024,26/05/2024,,,10.1016/j.tjnut.2024.05.022
38176775,Polymorphisms in the choline transporter SLC44A1 are associated with reduced cognitive performance in normotypic but not prenatal alcohol-exposed children,"Smith SM, Weathers TD, Virdee MS, Schwantes-An TH, Voruganti VS, Mattson SN, Coles CD, Kable JA, Sowell E, Wozniak JR, Wetherill L; Collaborative Initiative on Fetal Alcohol Spectrum Disorders (CIFASD) Consortium.",Smith SM,Am J Clin Nutr,2024,04/01/2024,PMC10925855,,10.1016/j.ajcnut.2023.10.003
37309710,Dietary and plasma retinoids are not associated with fatty acid desaturase indices in healthy young adults,"Hatherell J, Abdelmagid SA, Ma DWL, El-Sohemy A, Mutch DM.",Hatherell J,Lipids,2023,13/06/2023,,,10.1002/lipd.12376
36837780,"Effect of Cow-Calf Supplementation on Gene Expression, Processes, and Pathways Related to Adipogenesis and Lipogenesis in Longissimus thoracis Muscle of F1 Angus × Nellore Cattle at Weaning","Ramírez-Zamudio GD, Ganga MJG, Pereira GL, Nociti RP, Chiaratti MR, Cooke RF, Chardulo LAL, Baldassini WA, Machado-Neto OR, Curi RA.",Ramírez-Zamudio GD,Metabolites,2023,25/02/2023,PMC9962728,,10.3390/metabo13020160
36753494,Effects of gene-lifestyle interactions on obesity based on a multi-locus risk score: A cross-sectional analysis,"Nakamura S, Fang X, Saito Y, Narimatsu H, Ota A, Ikezaki H, Shimanoe C, Tanaka K, Kubo Y, Tsukamoto M, Tamura T, Hishida A, Oze I, Koyanagi YN, Nakamura Y, Kusakabe M, Takezaki T, Nishimoto D, Suzuki S, Otani T, Kuriyama N, Matsui D, Kuriki K, Kadota A, Nakamura Y, Arisawa K, Katsuura-Kamano S, Nakatochi M, Momozawa Y, Kubo M, Takeuchi K, Wakai K.",Nakamura S,PLoS One,2023,08/02/2023,PMC9907830,,10.1371/journal.pone.0279169
35387194,Personalized Dietary Recommendations Based on Lipid-Related Genetic Variants: A Systematic Review,"Pérez-Beltrán YE, Rivera-Iñiguez I, Gonzalez-Becerra K, Pérez-Naitoh N, Tovar J, Sáyago-Ayerdi SG, Mendivil EJ.",Pérez-Beltrán YE,Front Nutr,2022,07/04/2022,PMC8979208,,10.3389/fnut.2022.830283
34132408,Dietary microRNAs: Current status and perspective in food science,"Preethi KA, Sekar D.",Preethi KA,J Food Biochem,2021,16/06/2021,,,10.1111/jfbc.13827
33461307,Identification of Phenotypic Lipidomic Signatures in Response to Long Chain n-3 Polyunsaturated Fatty Acid Supplementation in Humans,"Picklo M, Vallée Marcotte B, Bukowski M, de Toro-Martín J, Rust BM, Guénard F, Vohl MC.",Picklo M,J Am Heart Assoc,2021,19/01/2021,PMC7955441,,10.1161/JAHA.120.018126
37088046,"Nutrigenomic profiling of reduced specification diets and phytogenic inclusion effects on critical toll-like receptor signaling, mitogen-activated protein kinase-apoptosis, and PI3K-Akt-mTOR gene components along the broiler gut","Griela E, Mountzouris KC.",Griela E,Poult Sci,2023,23/04/2023,PMC10141502,,10.1016/j.psj.2023.102675
36481653,Is Habitual Dietary Intake of Fats Associated with Apelin Gene Expression in Visceral and Subcutaneous Adipose Tissues and Its Serum Levels in Obese Adults?,"Zarkesh M, Safarian M, Asghari G, Daneshafrooz A, Yuzbashian E, Hedayati M, Mirmiran P, Khalaj A.",Zarkesh M,Public Health Genomics,2023,08/12/2022,,,10.1159/000526961
35500529,Δ5 and Δ6 desaturase indices are not associated with zinc intake as determined by dietary assessment or modified by a zinc-FADS1 rs174547 SNP interaction in young Canadian adults,"LeMoire A, Abdelmagid S, Ma DWL, El-Sohemy A, Mutch DM.",LeMoire A,Prostaglandins Leukot Essent Fatty Acids,2022,02/05/2022,,,10.1016/j.plefa.2022.102439
34836245,Nutrigenomic Effect of Hydroxytyrosol in Vascular Endothelial Cells: A Transcriptomic Profile Analysis,"Carluccio MA, Martinelli R, Massaro M, Calabriso N, Scoditti E, Maffia M, Verri T, Gatta V, De Caterina R.",Carluccio MA,Nutrients,2021,27/11/2021,PMC8623349,,10.3390/nu13113990
33612614,"Alteration of Zinc Transporter mRNA Expression in Zinc Depleted Condition by TPEN{N,N,Na(2),Na(2)-Tetrakis(2-Pyridylmethyl)Ethylenediamine}: A Cell-Line Based Study","Kumari D, Chatterjee A, Panpatil V, Kumar S, Ghosh S.",Kumari D,J Nutr Sci Vitaminol (Tokyo),2020,22/02/2021,,,10.3177/jnsv.66.S304
33309006,"Status and perspectives of biomarker validation for diagnosis, stratification, and treatment","Skov J, Kristiansen K, Jespersen J, Olesen P.",Skov J,Public Health,2021,14/12/2020,,,10.1016/j.puhe.2020.11.002
35612976,Contribution of Biological Age-Predictive Biomarkers to Nutrition Research: A Systematic Review of the Current Evidence and Implications for Future Research and Clinical Practice,"Siopis G, Porter J.",Siopis G,Adv Nutr,2022,25/05/2022,PMC9526820,,10.1093/advances/nmac060
35134821,Validity of continuous glucose monitoring for categorizing glycemic responses to diet: implications for use in personalized nutrition,"Merino J, Linenberg I, Bermingham KM, Ganesh S, Bakker E, Delahanty LM, Chan AT, Capdevila Pujol J, Wolf J, Al Khatib H, Franks PW, Spector TD, Ordovas JM, Berry SE, Valdes AM.",Merino J,Am J Clin Nutr,2022,08/02/2022,PMC9170468,,10.1093/ajcn/nqac026
34422879,Memorable Food: Fighting Age-Related Neurodegeneration by Precision Nutrition,"Milošević M, Arsić A, Cvetković Z, Vučić V.",Milošević M,Front Nutr,2021,23/08/2021,PMC8374314,,10.3389/fnut.2021.688086
33515003,Maternal gut microbiota reflecting poor diet quality is associated with spontaneous preterm birth in a prospective cohort study,"Gershuni V, Li Y, Elovitz M, Li H, Wu GD, Compher CW.",Gershuni V,Am J Clin Nutr,2021,30/01/2021,PMC7948858,,10.1093/ajcn/nqaa361
33011673,FADS2 polymorphisms are associated with plasma arachidonic acid and estimated desaturase-5 activity in a cross-sectional study,"Zec MM, Stojković L, Zeković M, Pokimica B, Zivkovic M, Stankovic A, Glibetic M.",Zec MM,Nutr Res,2020,04/10/2020,,,10.1016/j.nutres.2020.08.010
37536290,IUNS 22nd International Congress of Nutrition - Abstracts,,,Ann Nutr Metab,2023,03/08/2023,,,10.1159/000530786
36055959,Short-chain fatty acids are key mediators of the favorable effects of the Mediterranean diet on intestinal barrier integrity: data from the randomized controlled LIBRE trial,"Seethaler B, Nguyen NK, Basrai M, Kiechle M, Walter J, Delzenne NM, Bischoff SC.",Seethaler B,Am J Clin Nutr,2022,02/09/2022,,,10.1093/ajcn/nqac175
36040345,Participant Characteristics Associated with High Responsiveness to Personalized Healthy Food Incentives: a Secondary Analysis of the Randomized Controlled Crossover Smart Cart Study,"Vadiveloo MK, Parker HW, Thorndike AN.",Vadiveloo MK,J Nutr,2023,30/08/2022,,,10.1093/jn/nxac197
35777110,A weight-loss model based on baseline microbiota and genetic scores for selection of dietary treatments in overweight and obese population,"Cuevas-Sierra A, Milagro FI, Guruceaga E, Cuervo M, Goni L, García-Granero M, Martinez JA, Riezu-Boj JI.",Cuevas-Sierra A,Clin Nutr,2022,01/07/2022,,,10.1016/j.clnu.2022.06.008
35616067,The interaction between Alternative Healthy Eating Index and MC4R rs17782313 gene variants on central and general obesity indices in women: A cross-sectional study,"Zarei M, Shiraseb F, Mirzababaei A, Mirzaei K.",Zarei M,J Hum Nutr Diet,2022,26/05/2022,,,10.1111/jhn.13041
34201625,Omega-3 Supplementation and Heart Disease: A Population-Based Diet by Gene Analysis of Clinical Trial Outcomes,"Fernandez ML, Blomquist SA, Hallmark B, Chilton FH.",Fernandez ML,Nutrients,2021,02/07/2021,PMC8308291,,10.3390/nu13072154
34019623,"Association between maternal plasma ferritin concentration, iron supplement use, and the risk of gestational diabetes: a prospective cohort study","Zhang X, Wu M, Zhong C, Huang L, Zhang Y, Chen R, Zhou X, Xu S, Li Q, Cui W, Wang X, Chen X, Lin L, Zhang G, Xiong G, Sun G, Yang X, Hao L, Jin Z, Yang N.",Zhang X,Am J Clin Nutr,2021,21/05/2021,,,10.1093/ajcn/nqab162
33196014,Feeding behavior of growing and finishing pigs fed different dietary threonine levels in a group-phase feeding and individual precision feeding system,"Remus A, Hauschild L, Létourneau-Montminy MP, Andretta I, Pomar C.",Remus A,Transl Anim Sci,2020,16/11/2020,PMC7648131,,10.1093/tas/txaa177
38618550,"Effects of a 5-week intake of erythritol and xylitol on vascular function, abdominal fat and glucose tolerance in humans with obesity: a pilot trial","Bordier V, Teysseire F, Drewe J, Madörin P, Bieri O, Schmidt-Trucksäss A, Hanssen H, Beglinger C, Meyer-Gerspach AC, Wölnerhanssen BK.",Bordier V,BMJ Nutr Prev Health,2023,15/04/2024,PMC11009538,,10.1136/bmjnph-2023-000764
36619342,"Evaluation of the safety, tolerability and plasma vitamin D response to long-term use of patented transdermal vitamin D patches in healthy adults: a randomised parallel pilot study","Jefferson A, Borges C.",Jefferson A,BMJ Nutr Prev Health,2022,09/01/2023,PMC9813629,,10.1136/bmjnph-2022-000471
34290310,"Retrospective study of glycemic variability, BMI, and blood pressure in diabetes patients in the Digital Twin Precision Treatment Program","Shamanna P, Dharmalingam M, Sahay R, Mohammed J, Mohamed M, Poon T, Kleinman N, Thajudeen M.",Shamanna P,Sci Rep,2021,22/07/2021,PMC8295289,,10.1038/s41598-021-94339-6
37137684,Gut microbiome modulates the effects of a personalised postprandial-targeting (PPT) diet on cardiometabolic markers: a diet intervention in pre-diabetes,"Ben-Yacov O, Godneva A, Rein M, Shilo S, Lotan-Pompan M, Weinberger A, Segal E.",Ben-Yacov O,Gut,2023,03/05/2023,PMC10359530,,10.1136/gutjnl-2022-329201
37125033,A discriminant analysis of plasma metabolomics for the assessment of metabolic responsiveness to red raspberry consumption,"Barbe V, de Toro-Martín J, San-Cristobal R, Garneau V, Pilon G, Couture P, Roy D, Couillard C, Marette A, Vohl MC.",Barbe V,Front Nutr,2023,01/05/2023,PMC10130762,,10.3389/fnut.2023.1104685
36948851,[Comparison of three different measurement methods to determine resting energy expenditure in patients with decompensated hepatitis B cirrhosis],"Wang W, Zhang YH, Yang TT, Li N, Luo QK, Qin T, Lei L.",Wang W,Zhonghua Gan Zang Bing Za Zhi,2023,22/03/2023,,,10.3760/cma.j.cn501113-20210906-00455
35781710,"Evaluation of the nutritional quality of ultra-processed foods (ready to eat + fast food): Fatty acids, sugar, and sodium","Maldonado-Pereira L, Barnaba C, de Los Campos G, Medina-Meza IG.",Maldonado-Pereira L,J Food Sci,2022,05/07/2022,,,10.1111/1750-3841.16235
33114701,"Polygenetic-Risk Scores for A Glaucoma Risk Interact with Blood Pressure, Glucose Control, and Carbohydrate Intake","Jee D, Huang S, Kang S, Park S.",Jee D,Nutrients,2020,29/10/2020,PMC7693735,,10.3390/nu12113282
36184229,Genetic factors help explain the variable responses of young children with cystic fibrosis to vitamin D supplements,"Lai HJ, Song J, Lu Q, Murali SG, Gajapathy M, Wilk BM, Brown DM, Worthey EA, Farrell PM; FIRST Study Group.",Lai HJ,Clin Nutr ESPEN,2022,02/10/2022,,,10.1016/j.clnesp.2022.07.018
34202562,"Influence of Varying Dietary ω6 to ω3 Fatty Acid Ratios on the Hepatic Transcriptome, and Association with Phenotypic Traits (Growth, Somatic Indices, and Tissue Lipid Composition), in Atlantic Salmon (Salmo salar)","Katan T, Xue X, Caballero-Solares A, Taylor RG, Parrish CC, Rise ML.",Katan T,Biology (Basel),2021,02/07/2021,PMC8301090,,10.3390/biology10070578
33302460,"Exploring Attitudes, Subjective Norms and Perceived Behavioural Control in a Genetic-Based and a Population-Based Weight Management Intervention: A One-Year Randomized Controlled Trial","Horne JR, Gilliland JA, Vohl MC, Madill J.",Horne JR,Nutrients,2020,11/12/2020,PMC7764748,,10.3390/nu12123768
32793344,The interplay between non-esterified fatty acids and bovine peroxisome proliferator-activated receptors: results of an in vitro hybrid approach,"Busato S, Bionaz M.",Busato S,J Anim Sci Biotechnol,2020,15/08/2020,PMC7419192,,10.1186/s40104-020-00481-y
38879444,Association of MC4R rs17782313 Genotype With Energy Intake and Appetite: A Systematic Review and Meta-analysis,"Álvarez-Martín C, Caballero FF, de la Iglesia R, Alonso-Aperte E.",Álvarez-Martín C,Nutr Rev,2024,15/06/2024,,,10.1093/nutrit/nuae075
38178093,"A crossover randomized controlled trial examining the effects of black seed (Nigella sativa) supplementation on IL-1β, IL-6 and leptin, and insulin parameters in overweight and obese women","Razmpoosh E, Safi S, Mazaheri M, Khalesi S, Nazari M, Mirmiran P, Nadjarzadeh A.",Razmpoosh E,BMC Complement Med Ther,2024,04/01/2024,PMC10768077,,10.1186/s12906-023-04226-y
36206636,Vitamin D binding protein gene polymorphisms are associated with lower plasma 25-hydroxy-cholecalciferol concentrations in Ethiopian lactating women,"Hart MD, Girma M, Strong MD, Tadesse BT, Taddesse BM, Alemayehu FR, Stoecker BJ, Chowanadisai W.",Hart MD,Nutr Res,2022,07/10/2022,,,10.1016/j.nutres.2022.09.003
32695957,Variation of Serum Lycopene in Response to 100% Watermelon Juice: An Exploratory Analysis of Genetic Variants in a Randomized Controlled Crossover Study,"Crowe-White KM, Voruganti VS, Talevi V, Dudenbostel T, Nagabooshanam VA, Locher JL, Ellis AC.",Crowe-White KM,Curr Dev Nutr,2020,23/07/2020,PMC7363307,,10.1093/cdn/nzaa102
38065781,Multiphase diets may improve feed efficiency in fattening crossbreed Holstein bulls: a retrospective simulation of the economic and environmental impact,"Guarnido-Lopez P, Devant M, Llonch L, Marti S, Benaouda M.",Guarnido-Lopez P,Animal,2023,08/12/2023,,,10.1016/j.animal.2023.101030
37503002,Imprecision nutrition? Duplicate meals result in unreliable individual glycemic responses measured by continuous glucose monitors across four dietary patterns in adults without diabetes,"Hengist A, Ong JA, McNeel K, Guo J, Hall KD.",Hengist A,medRxiv,2023,28/07/2023,PMC10371100,,10.1101/2023.06.14.23291406
32167131,Prospective clinical trial examining the impact of genetic variation in FADS1 on the metabolism of linoleic acid- and ɣ-linolenic acid-containing botanical oils,"Sergeant S, Hallmark B, Mathias RA, Mustin TL, Ivester P, Bohannon ML, Ruczinski I, Johnstone L, Seeds MC, Chilton FH.",Sergeant S,Am J Clin Nutr,2020,14/03/2020,PMC7198310,,10.1093/ajcn/nqaa023
38414488,Revisiting multi-omics-based predictors of the plasma triglyceride response to an omega-3 fatty acid supplementation,"Morin-Bernier J, de Toro-Martín J, Barbe V, San-Cristobal R, Lemieux S, Rudkowska I, Couture P, Barbier O, Vohl MC.",Morin-Bernier J,Front Nutr,2024,28/02/2024,PMC10897027,,10.3389/fnut.2024.1327863
38233923,Components in downstream health promotions to reduce sugar intake among adults: a systematic review,"Azhar Hilmy SH, Nordin N, Yusof MYPM, Soh TYT, Yusof N.",Azhar Hilmy SH,Nutr J,2024,17/01/2024,PMC10792802,,10.1186/s12937-023-00884-3
36619326,Putting nutrition education on the table: development of a curriculum to meet future doctors' needs,"Jones G, Macaninch E, Mellor D, Spiro A, Martyn K, Butler T, Johnson A, Moore JB.",Jones G,BMJ Nutr Prev Health,2022,09/01/2023,PMC9813613,,10.1136/bmjnph-2022-000510
36439419,Phenolic diterpenes from Rosemary supercritical extract inhibit non-small cell lung cancer lipid metabolism and synergise with therapeutic drugs in the clinic,"Bouzas A, Gómez de Cedrón M, Colmenarejo G, Laparra-Llopis JM, Moreno-Rubio J, Montoya JJ, Reglero G, Casado E, Tabares B, Sereno M, Ramírez de Molina A.",Bouzas A,Front Oncol,2022,28/11/2022,PMC9682134,,10.3389/fonc.2022.1046369
34790686,Appraisal of Triglyceride-Related Markers as Early Predictors of Metabolic Outcomes in the PREVIEW Lifestyle Intervention: A Controlled Post-hoc Trial,"Navas-Carretero S, San-Cristobal R, Siig Vestentoft P, Brand-Miller JC, Jalo E, Westerterp-Plantenga M, Simpson EJ, Handjieva-Darlenska T, Stratton G, Huttunen-Lenz M, Lam T, Muirhead R, Poppitt S, Pietiläinen KH, Adam T, Taylor MA, Handjiev S, McNarry MA, Hansen S, Brodie S, Silvestre MP, Macdonald IA, Boyadjieva N, Mackintosh KA, Schlicht W, Liu A, Larsen TM, Fogelholm M, Raben A, Martinez JA.",Navas-Carretero S,Front Nutr,2021,18/11/2021,PMC8592084,,10.3389/fnut.2021.733697
38966106,Adjunct role of potassium-rich vegetarian diet and a novel potassium food supplement to improve pain in chronic rheumatoid arthritis on supervised standard care: a randomised controlled study,"Kianifard T, Saluja M, Sarmukaddam S, Venugopalan A, Chopra A.",Kianifard T,BMJ Nutr Prev Health,2024,05/07/2024,PMC11221283,,10.1136/bmjnph-2023-000674
35204296,Effect of Dietary Grapes on Female C57BL6/J Mice Consuming a High-Fat Diet: Behavioral and Genetic Changes,"Parande F, Dave A, Park EJ, McAllister C, Pezzuto JM.",Parande F,Antioxidants (Basel),2022,25/02/2022,PMC8868599,,10.3390/antiox11020414
38960570,"A single-blinded, randomized, parallel intervention to evaluate genetics and omics-based personalized nutrition in general population via an e-commerce tool: The PREVENTOMICS e-commerce study","Calderón-Pérez L, Escoté X, Companys J, Alcaide-Hidalgo JM, Bosch M, Rabassa M, Crescenti A, Valls RM, Pedret A, Solà R, Mariné R, Gil-Cardoso K, Rodríguez MA, Palacios H, Del Pino A, Guirro M, Canela N, Suñol D, Galofré M, Galmés S, Palou-March A, Serra F, Caimari A, Gutiérrez B, Del Bas JM.",Calderón-Pérez L,Am J Clin Nutr,2024,03/07/2024,,,10.1016/j.ajcnut.2024.04.004
32583758,Precision livestock farming: real-time estimation of daily protein deposition in growing-finishing pigs,"Remus A, Hauschild L, Methot S, Pomar C.",Remus A,Animal,2020,26/06/2020,,,10.1017/S1751731120001469
34836030,"Interactions between Polygenic Risk Scores, Dietary Pattern, and Menarche Age with the Obesity Risk in a Large Hospital-Based Cohort","Park S, Yang HJ, Kim MJ, Hur HJ, Kim SH, Kim MS.",Park S,Nutrients,2021,27/11/2021,PMC8622855,,10.3390/nu13113772
35372458,Ramadan Diurnal Intermittent Fasting Is Associated With Attenuated FTO Gene Expression in Subjects With Overweight and Obesity: A Prospective Cohort Study,"Madkour MI, Malhab LJB, Abdel-Rahman WM, Abdelrahim DN, Saber-Ayad M, Faris ME.",Madkour MI,Front Nutr,2022,04/04/2022,PMC8968860,,10.3389/fnut.2021.741811
36855067,Brain fatty acid and transcriptome profiles of pig fed diets with different levels of soybean oil,"da Silva BP, Fanalli SL, Gomes JD, de Almeida VV, Fukumasu H, Freitas FAO, Moreira GCM, Silva-Vignato B, Reecy JM, Koltes JE, Koltes D, de Carvalho Balieiro JC, de Alencar SM, da Silva JPM, Coutinho LL, Afonso J, Regitano LCA, Mourão GB, Luchiari Filho A, Cesar ASM.",da Silva BP,BMC Genomics,2023,01/03/2023,PMC9976441,,10.1186/s12864-023-09188-6
33138317,"Chronological Age Interacts with the Circadian Melatonin Receptor 1B Gene Variation, Determining Fasting Glucose Concentrations in Mediterranean Populations. Additional Analyses on Type-2 Diabetes Risk","Sorlí JV, Barragán R, Coltell O, Portolés O, Pascual EC, Ortega-Azorín C, González JI, Estruch R, Saiz C, Pérez-Fidalgo A, Ordovas JM, Corella D.",Sorlí JV,Nutrients,2020,03/11/2020,PMC7692445,,10.3390/nu12113323
37778510,APOE-Genotype and Insulin Modulate Estimated Effect of Dietary Macronutrients on Cognitive Performance: Panel Analyses in Nondiabetic Older Adults at Risk of Dementia,"Norgren J, Sindi S, Matton A, Kivipelto M, Kåreholt I.",Norgren J,J Nutr,2023,01/10/2023,,,10.1016/j.tjnut.2023.09.016
37181156,Supplementation with inulin-type fructans affects gut microbiota and attenuates some of the cardiometabolic benefits of a plant-based diet in individuals with overweight or obesity,"Aldubayan MA, Mao X, Laursen MF, Pigsborg K, Christensen LH, Roager HM, Nielsen DS, Hjorth MF, Magkos F.",Aldubayan MA,Front Nutr,2023,14/05/2023,PMC10167298,,10.3389/fnut.2023.1108088
33480081,"Avocado oil (Persea americana) protects SH-SY5Y cells against cytotoxicity triggered by cortisol by the modulation of BDNF, oxidative stress, and apoptosis molecules","Motta JR, Jung IEDC, Azzolin VF, Teixeira CF, Braun LE, De Oliveira Nerys DA, Motano MAE, Duarte MMMF, Maia-Ribeiro EA, da Cruz IBM, Barbisan F.",Motta JR,J Food Biochem,2021,22/01/2021,,,10.1111/jfbc.13596
38908692,"Effects of feeding sulfate trace minerals above recommendations on nutrient digestibility, rumen fermentation, lactational performance, and trace mineral excretion in dairy cows","Marchand C, Royer I, Gervais R, Girard CL, Benchaar C, Hassanat F, Zastepa A, Crevecoeur S, Duplessis M.",Marchand C,J Dairy Sci,2024,22/06/2024,,,10.3168/jds.2024-24761
38851634,Fasting and postprandial plasma metabolite responses to a 12-wk dietary intervention in tissue-specific insulin resistance: a secondary analysis of the PERSonalized glucose Optimization through Nutritional intervention (PERSON) randomized trial,"Gijbels A, Jardon KM, Trouwborst I, Manusama KC, Goossens GH, Blaak EE, Feskens EJ, Afman LA.",Gijbels A,Am J Clin Nutr,2024,08/06/2024,,,10.1016/j.ajcnut.2024.05.027
34222308,Polyphenol-Rich Aronia melanocarpa Juice Consumption Affects LINE-1 DNA Methylation in Peripheral Blood Leukocytes in Dyslipidemic Women,"Stojković L, Zec M, Zivkovic M, Bundalo M, Bošković M, Glibetić M, Stankovic A.",Stojković L,Front Nutr,2021,05/07/2021,PMC8247759,,10.3389/fnut.2021.689055
34352587,Determination of genetic scores to estimate disturbances in circulating lipid profile biomarkers of adolescents: A preliminary report,"da Mata DL, Coelho ASG, Abdala DSP, Horst MA, Cominetti C.",da Mata DL,Nutrition,2021,05/08/2021,,,10.1016/j.nut.2021.111246
33381522,Influence of Dietary Long-Chain Polyunsaturated Fatty Acids and ω6 to ω3 Ratios on Head Kidney Lipid Composition and Expression of Fatty Acid and Eicosanoid Metabolism Genes in Atlantic Salmon (Salmo salar),"Katan T, Xue X, Caballero-Solares A, Taylor RG, Rise ML, Parrish CC.",Katan T,Front Mol Biosci,2020,31/12/2020,PMC7767880,,10.3389/fmolb.2020.602587
33172445,Impact of the common MTHFR 677C→T polymorphism on blood pressure in adulthood and role of riboflavin in modifying the genetic risk of hypertension: evidence from the JINGO project,"Ward M, Hughes CF, Strain JJ, Reilly R, Cunningham C, Molloy AM, Horigan G, Casey M, McCarroll K, O'Kane M, Gibney MJ, Flynn A, Walton J, McNulty BA, McCann A, Kirwan L, Scott JM, McNulty H.",Ward M,BMC Med,2020,11/11/2020,PMC7656675,,10.1186/s12916-020-01780-x
35903133,Peroxisome Proliferator-Activated Receptor Activation in Precision-Cut Bovine Liver Slices Reveals Novel Putative PPAR Targets in Periparturient Dairy Cows,"Busato S, Ford HR, Abdelatty AM, Estill CT, Bionaz M.",Busato S,Front Vet Sci,2022,29/07/2022,PMC9315222,,10.3389/fvets.2022.931264
35468093,Effectiveness of Web-Based Personalized Nutrition Advice for Adults Using the eNutri Web App: Evidence From the EatWellUK Randomized Controlled Trial,"Zenun Franco R, Fallaize R, Weech M, Hwang F, Lovegrove JA.",Zenun Franco R,J Med Internet Res,2022,25/04/2022,PMC9154737,,10.2196/29088
35897799,Tackling Atherosclerosis via Selected Nutrition,"Vesnina A, Prosekov A, Atuchin V, Minina V, Ponasenko A.",Vesnina A,Int J Mol Sci,2022,28/07/2022,PMC9368664,,10.3390/ijms23158233
38899042,"Distribution and correlates of plasma folate, vitamin B12, and homocysteine in a sample of low-income minority children aged 6 months to 9 years in the U.S","Chen Y, Che X, Raghavan R.",Chen Y,Precis Nutr,2024,20/06/2024,PMC11185822,NIHMS1995064,
31908954,"Gene interactions observed with the HDL-c blood lipid, intakes of protein, sugar and biotin in relation to circulating homocysteine concentrations in a group of black South Africans","du Plessis JP, Melse-Boonstra A, Zandberg L, Nienaber-Rousseau C.",du Plessis JP,Mol Genet Metab Rep,2019,08/01/2020,PMC6938949,,10.1016/j.ymgmr.2019.100556
38530345,Vitamin D Deficiency and Its Association With Vitamin D Receptor Gene Variants Among Malaysian Women With Hypertensive Disorders in Pregnancy: Protocol for a Nutrigenomics Study,"Ibrahim Y, Basri NI, Nordin N, Mohd Jamil AA.",Ibrahim Y,JMIR Res Protoc,2024,26/03/2024,PMC11005429,,10.2196/53722
33530084,"Genetic Variation, Diet, Inflammation, and the Risk for COVID-19",Simopoulos AP.,Simopoulos AP,Lifestyle Genom,2021,02/02/2021,PMC7900446,,10.1159/000513886
38555403,Precision nutrition to reset virus-induced human metabolic reprogramming and dysregulation (HMRD) in long-COVID,"Naidu AS, Wang CK, Rao P, Mancini F, Clemens RA, Wirakartakusumah A, Chiu HF, Yen CH, Porretta S, Mathai I, Naidu SAG.",Naidu AS,NPJ Sci Food,2024,30/03/2024,PMC10981760,,10.1038/s41538-024-00261-2
35804799,"Consumption of Grapes Modulates Gene Expression, Reduces Non-Alcoholic Fatty Liver Disease, and Extends Longevity in Female C57BL/6J Mice Provided with a High-Fat Western-Pattern Diet","Dave A, Park EJ, Kumar A, Parande F, Beyoğlu D, Idle JR, Pezzuto JM.",Dave A,Foods,2022,09/07/2022,PMC9265568,,10.3390/foods11131984
33105144,Genetic Variants in Lipid Metabolism Pathways Interact with Diet to Influence Blood Lipid Concentrations in Adults with Overweight and Obesity,"Hannon BA, Edwards CG, Thompson SV, Burke SK, Burd NA, Holscher HD, Teran-Garcia M, Khan NA.",Hannon BA,Lifestyle Genom,2020,26/10/2020,,,10.1159/000507021
35639552,Comparison of dietary and physical activity behaviors in women with and without polycystic ovary syndrome: a systematic review and meta-analysis of 39 471 women,"Kazemi M, Kim JY, Wan C, Xiong JD, Michalak J, Xavier IB, Ganga K, Tay CT, Grieger JA, Parry SA, Moran LJ, Lujan ME.",Kazemi M,Hum Reprod Update,2022,31/05/2022,PMC9629501,,10.1093/humupd/dmac023
36169954,Effect of a Personalized Diet to Reduce Postprandial Glycemic Response vs a Low-fat Diet on Weight Loss in Adults With Abnormal Glucose Metabolism and Obesity: A Randomized Clinical Trial,"Popp CJ, Hu L, Kharmats AY, Curran M, Berube L, Wang C, Pompeii ML, Illiano P, St-Jules DE, Mottern M, Li H, Williams N, Schoenthaler A, Segal E, Godneva A, Thomas D, Bergman M, Schmidt AM, Sevick MA.",Popp CJ,JAMA Netw Open,2022,28/09/2022,PMC9520362,,10.1001/jamanetworkopen.2022.33760
